alarm_id,07:00_08:00_count,07:00_08:00_downtime,08:00_09:00_count,08:00_09:00_downtime,09:00_10:00_count,09:00_10:00_downtime,10:00_11:00_count,10:00_11:00_downtime,11:00_12:00_count,11:00_12:00_downtime,12:00_13:00_count,12:00_13:00_downtime,13:00_14:00_count,13:00_14:00_downtime,14:00_15:00_count,14:00_15:00_downtime,15:00_16:00_count,15:00_16:00_downtime,16:00_17:00_count,16:00_17:00_downtime,17:00_18:00_count,17:00_18:00_downtime,18:00_19:00_count,18:00_19:00_downtime,19:00_20:00_count,19:00_20:00_downtime,20:00_21:00_count,20:00_21:00_downtime,21:00_22:00_count,21:00_22:00_downtime,22:00_23:00_count,22:00_23:00_downtime,23:00_00:00_count,23:00_00:00_downtime,00:00_01:00_count,00:00_01:00_downtime,01:00_02:00_count,01:00_02:00_downtime,02:00_03:00_count,02:00_03:00_downtime,03:00_04:00_count,03:00_04:00_downtime,04:00_05:00_count,04:00_05:00_downtime,05:00_06:00_count,05:00_06:00_downtime,06:00_07:00_count,06:00_07:00_downtime
CC1.Bin_BLeft_Full,0,0 days 00:00:00,0,0 days 00:00:00,0,0 days 00:00:00,0,0 days 00:00:00,0,0 days 00:00:00,0,0 days 00:00:00,0,0 days 00:00:00,0,0 days 00:00:00,0,0 days 00:00:00,0,0 days 00:00:00,0,0 days 00:00:00,0,0 days 00:00:00,0,0 days 00:00:00,0,0 days 00:00:00,0,0 days 00:00:00,0,0 days 00:00:00,0,0 days 00:00:00,0,0 days 00:00:00,0,0 days 00:00:00,0,0 days 00:00:00,0,0 days 00:00:00,0,0 days 00:00:00,0,0 days 00:00:00,0,0 days 00:00:00
CC1.Bin_BRight_Full,0,0 days 00:00:00,0,0 days 00:00:00,0,0 days 00:00:00,0,0 days 00:00:00,0,0 days 00:00:00,0,0 days 00:00:00,0,0 days 00:00:00,0,0 days 00:00:00,0,0 days 00:00:00,0,0 days 00:00:00,0,0 days 00:00:00,0,0 days 00:00:00,0,0 days 00:00:00,0,0 days 00:00:00,0,0 days 00:00:00,0,0 days 00:00:00,0,0 days 00:00:00,0,0 days 00:00:00,0,0 days 00:00:00,0,0 days 00:00:00,0,0 days 00:00:00,0,0 days 00:00:00,0,0 days 00:00:00,0,0 days 00:00:00
CC2.Bin_BLeft_Full,0,0 days 00:00:00,0,0 days 00:00:00,0,0 days 00:00:00,0,0 days 00:00:00,0,0 days 00:00:00,0,0 days 00:00:00,0,0 days 00:00:00,0,0 days 00:00:00,0,0 days 00:00:00,0,0 days 00:00:00,0,0 days 00:00:00,0,0 days 00:00:00,0,0 days 00:00:00,0,0 days 00:00:00,0,0 days 00:00:00,0,0 days 00:00:00,0,0 days 00:00:00,0,0 days 00:00:00,0,0 days 00:00:00,0,0 days 00:00:00,0,0 days 00:00:00,0,0 days 00:00:00,0,0 days 00:00:00,0,0 days 00:00:00
CC2.Bin_BRight_Full,0,0 days 00:00:00,0,0 days 00:00:00,0,0 days 00:00:00,0,0 days 00:00:00,0,0 days 00:00:00,0,0 days 00:00:00,0,0 days 00:00:00,0,0 days 00:00:00,0,0 days 00:00:00,0,0 days 00:00:00,0,0 days 00:00:00,0,0 days 00:00:00,0,0 days 00:00:00,0,0 days 00:00:00,0,0 days 00:00:00,0,0 days 00:00:00,0,0 days 00:00:00,0,0 days 00:00:00,0,0 days 00:00:00,0,0 days 00:00:00,0,0 days 00:00:00,0,0 days 00:00:00,0,0 days 00:00:00,0,0 days 00:00:00
CC3.Bin_BLeft_Full,0,0 days 00:00:00,0,0 days 00:00:00,0,0 days 00:00:00,0,0 days 00:00:00,0,0 days 00:00:00,0,0 days 00:00:00,0,0 days 00:00:00,0,0 days 00:00:00,0,0 days 00:00:00,0,0 days 00:00:00,0,0 days 00:00:00,0,0 days 00:00:00,0,0 days 00:00:00,0,0 days 00:00:00,0,0 days 00:00:00,0,0 days 00:00:00,0,0 days 00:00:00,0,0 days 00:00:00,0,0 days 00:00:00,0,0 days 00:00:00,0,0 days 00:00:00,0,0 days 00:00:00,0,0 days 00:00:00,0,0 days 00:00:00
CC3.Bin_BRight_Full,0,0 days 00:00:00,0,0 days 00:00:00,0,0 days 00:00:00,0,0 days 00:00:00,0,0 days 00:00:00,0,0 days 00:00:00,0,0 days 00:00:00,0,0 days 00:00:00,0,0 days 00:00:00,0,0 days 00:00:00,0,0 days 00:00:00,0,0 days 00:00:00,0,0 days 00:00:00,0,0 days 00:00:00,0,0 days 00:00:00,0,0 days 00:00:00,0,0 days 00:00:00,0,0 days 00:00:00,0,0 days 00:00:00,0,0 days 00:00:00,0,0 days 00:00:00,0,0 days 00:00:00,0,0 days 00:00:00,0,0 days 00:00:00
CC4.Bin_BLeft_Full,0,0 days 00:00:00,0,0 days 00:00:00,0,0 days 00:00:00,0,0 days 00:00:00,0,0 days 00:00:00,0,0 days 00:00:00,0,0 days 00:00:00,0,0 days 00:00:00,0,0 days 00:00:00,0,0 days 00:00:00,0,0 days 00:00:00,0,0 days 00:00:00,0,0 days 00:00:00,0,0 days 00:00:00,0,0 days 00:00:00,0,0 days 00:00:00,0,0 days 00:00:00,0,0 days 00:00:00,0,0 days 00:00:00,0,0 days 00:00:00,0,0 days 00:00:00,0,0 days 00:00:00,0,0 days 00:00:00,0,0 days 00:00:00
CC4.Bin_BRight_Full,0,0 days 00:00:00,0,0 days 00:00:00,0,0 days 00:00:00,0,0 days 00:00:00,0,0 days 00:00:00,0,0 days 00:00:00,0,0 days 00:00:00,0,0 days 00:00:00,0,0 days 00:00:00,0,0 days 00:00:00,0,0 days 00:00:00,0,0 days 00:00:00,0,0 days 00:00:00,0,0 days 00:00:00,0,0 days 00:00:00,0,0 days 00:00:00,0,0 days 00:00:00,0,0 days 00:00:00,0,0 days 00:00:00,0,0 days 00:00:00,0,0 days 00:00:00,0,0 days 00:00:00,0,0 days 00:00:00,0,0 days 00:00:00
CC5.Bin_BLeft_Full,0,0 days 00:00:00,0,0 days 00:00:00,0,0 days 00:00:00,0,0 days 00:00:00,0,0 days 00:00:00,0,0 days 00:00:00,0,0 days 00:00:00,0,0 days 00:00:00,0,0 days 00:00:00,0,0 days 00:00:00,0,0 days 00:00:00,0,0 days 00:00:00,0,0 days 00:00:00,0,0 days 00:00:00,0,0 days 00:00:00,0,0 days 00:00:00,0,0 days 00:00:00,0,0 days 00:00:00,0,0 days 00:00:00,0,0 days 00:00:00,0,0 days 00:00:00,0,0 days 00:00:00,0,0 days 00:00:00,0,0 days 00:00:00
CC5.Bin_BRight_Full,0,0 days 00:00:00,0,0 days 00:00:00,0,0 days 00:00:00,0,0 days 00:00:00,0,0 days 00:00:00,0,0 days 00:00:00,0,0 days 00:00:00,0,0 days 00:00:00,0,0 days 00:00:00,0,0 days 00:00:00,0,0 days 00:00:00,0,0 days 00:00:00,0,0 days 00:00:00,0,0 days 00:00:00,0,0 days 00:00:00,0,0 days 00:00:00,0,0 days 00:00:00,0,0 days 00:00:00,0,0 days 00:00:00,0,0 days 00:00:00,0,0 days 00:00:00,0,0 days 00:00:00,0,0 days 00:00:00,0,0 days 00:00:00
CC6.Bin_BLeft_Full,0,0 days 00:00:00,0,0 days 00:00:00,0,0 days 00:00:00,0,0 days 00:00:00,0,0 days 00:00:00,0,0 days 00:00:00,0,0 days 00:00:00,0,0 days 00:00:00,0,0 days 00:00:00,0,0 days 00:00:00,0,0 days 00:00:00,0,0 days 00:00:00,0,0 days 00:00:00,0,0 days 00:00:00,0,0 days 00:00:00,0,0 days 00:00:00,0,0 days 00:00:00,0,0 days 00:00:00,0,0 days 00:00:00,0,0 days 00:00:00,0,0 days 00:00:00,0,0 days 00:00:00,0,0 days 00:00:00,0,0 days 00:00:00
CC6.Bin_BRight_Full,0,0 days 00:00:00,3,0 days 00:04:48.414999999,2,0 days 00:01:44.097000,1,0 days 00:06:13.533000,1,0 days 00:05:32.683000,2,0 days 00:14:52.163000,1,0 days 00:00:14.052000,2,0 days 00:08:59.841000,1,0 days 00:00:32.031999999,2,0 days 00:03:02.168000,0,0 days 00:00:00,1,0 days 00:00:33.994000,0,0 days 00:00:00,1,0 days 00:01:08.028000,0,0 days 00:00:03.157000,0,0 days 00:00:00,0,0 days 00:00:00,0,0 days 00:00:00,0,0 days 00:00:00,0,0 days 00:00:00,0,0 days 00:00:00,0,0 days 00:00:00,0,0 days 00:00:00,0,0 days 00:00:00
CC7.Bin_BLeft_Full,0,0 days 00:00:00,0,0 days 00:00:00,0,0 days 00:00:00,0,0 days 00:00:00,0,0 days 00:00:00,0,0 days 00:00:00,0,0 days 00:00:00,0,0 days 00:00:00,0,0 days 00:00:00,0,0 days 00:00:00,0,0 days 00:00:00,0,0 days 00:00:00,0,0 days 00:00:00,0,0 days 00:00:00,0,0 days 00:00:00,0,0 days 00:00:00,0,0 days 00:00:00,0,0 days 00:00:00,0,0 days 00:00:00,0,0 days 00:00:00,0,0 days 00:00:00,0,0 days 00:00:00,0,0 days 00:00:00,0,0 days 00:00:00
CC7.Bin_BRight_Full,0,0 days 00:00:00,1,0 days 00:00:51.117000,2,0 days 00:02:12.265999999,2,0 days 00:03:05.189000,1,0 days 00:01:58.141000,1,0 days 00:05:06.325000,2,0 days 00:15:33.906999999,1,0 days 00:07:40.559000,1,0 days 00:01:29.072000,1,0 days 00:01:26.033000,2,0 days 00:01:55.167000,3,0 days 00:11:18.169000,2,0 days 00:03:11.626000,3,0 days 00:03:13.234000,2,0 days 00:05:57.498000,3,0 days 00:07:00.385000,1,0 days 00:07:30.589000,0,0 days 00:00:00,0,0 days 00:00:00,0,0 days 00:00:00,0,0 days 00:00:00,0,0 days 00:00:00,0,0 days 00:00:00,0,0 days 00:00:00
CC8.Bin_BLeft_Full,1,0 days 00:01:30.168000,1,0 days 00:00:10.034000,3,0 days 00:05:57.323000,1,0 days 00:00:54.074000,1,0 days 00:01:32.102000,1,0 days 00:00:25.027000,2,0 days 00:10:38.618000,2,0 days 00:03:09.304000,2,0 days 00:08:39.552000,1,0 days 00:01:29.261000,1,0 days 00:01:02.035000,1,0 days 00:02:13.302000,2,0 days 00:06:30.092999999,2,0 days 00:02:08.150000,3,0 days 00:03:28.344000,2,0 days 00:10:32.909000,2,0 days 00:02:54.204000,0,0 days 00:00:00,0,0 days 00:00:00,0,0 days 00:00:00,0,0 days 00:00:00,0,0 days 00:00:00,0,0 days 00:00:00,0,0 days 00:00:00
CC8.Bin_BRight_Full,1,0 days 00:01:54.283000,2,0 days 00:02:33.184000,2,0 days 00:02:36.132999999,1,0 days 00:01:20.123000,1,0 days 00:00:46.013000,2,0 days 00:03:06.353000,1,0 days 00:11:41.815000,3,0 days 00:13:31.407000,1,0 days 00:00:55.002000,1,0 days 00:00:55.042000,2,0 days 00:02:17.297000,2,0 days 00:01:49.266000,3,0 days 00:07:25.005000,1,0 days 00:01:04.188999999,3,0 days 00:08:34.967000,3,0 days 00:07:47.291000,2,0 days 00:04:52.403000,0,0 days 00:00:00,0,0 days 00:00:00,0,0 days 00:00:00,0,0 days 00:00:00,0,0 days 00:00:00,0,0 days 00:00:00,0,0 days 00:00:00
CC9.Bin_BLeft_Full,0,0 days 00:00:00,0,0 days 00:00:00,0,0 days 00:00:00,0,0 days 00:00:00,0,0 days 00:00:00,0,0 days 00:00:00,0,0 days 00:00:00,0,0 days 00:00:00,0,0 days 00:00:00,0,0 days 00:00:00,0,0 days 00:00:00,0,0 days 00:00:00,0,0 days 00:00:00,0,0 days 00:00:00,0,0 days 00:00:00,0,0 days 00:00:00,0,0 days 00:00:00,0,0 days 00:00:00,0,0 days 00:00:00,0,0 days 00:00:00,0,0 days 00:00:00,0,0 days 00:00:00,0,0 days 00:00:00,0,0 days 00:00:00
CC9.Bin_BRight_Full,2,0 days 00:03:57.390000,0,0 days 00:00:00,1,0 days 00:01:04.986999999,1,0 days 00:00:54.047000,1,0 days 00:01:09.103000,1,0 days 00:01:48.127000,1,0 days 00:15:36.242000,2,0 days 00:01:41.174000,0,0 days 00:00:00,0,0 days 00:00:00,1,0 days 00:00:34.006999999,0,0 days 00:00:00,3,0 days 00:10:54.882000,1,0 days 00:02:18.190000,2,0 days 00:02:51.249000,2,0 days 00:06:08.448000,2,0 days 00:06:10.515999999,0,0 days 00:00:00,0,0 days 00:00:00,0,0 days 00:00:00,0,0 days 00:00:00,0,0 days 00:00:00,0,0 days 00:00:00,0,0 days 00:00:00
CC10.Bin_BLeft_Full,1,0 days 00:03:23.067000,2,0 days 00:02:16.088000,1,0 days 00:01:59.088000,2,0 days 00:03:30.135000,1,0 days 00:00:34.983000,1,0 days 00:00:48.057000,1,0 days 00:13:38.453000,2,0 days 00:06:25.275000,1,0 days 00:00:53.989000,1,0 days 00:01:28.970000,1,0 days 00:01:53.141000,2,0 days 00:01:15.014000,3,0 days 00:15:15.455000,1,0 days 00:01:12.065000,3,0 days 00:10:19.775000,1,0 days 00:01:03.045000,2,0 days 00:02:27.220000,0,0 days 00:00:00,0,0 days 00:00:00,0,0 days 00:00:00,0,0 days 00:00:00,0,0 days 00:00:00,0,0 days 00:00:00,0,0 days 00:00:00
CC10.Bin_BRight_Full,1,0 days 00:00:24.055000,1,0 days 00:01:33.087000,2,0 days 00:02:17.180000,1,0 days 00:02:56.446000,1,0 days 00:05:14.308000,2,0 days 00:03:09.646000,1,0 days 00:30:51.346000,3,0 days 00:12:26.239000,1,0 days 00:01:32.132000,1,0 days 00:01:09.117000,1,0 days 00:01:23.172000,2,0 days 00:07:05.165000,2,0 days 00:06:46.529000,2,0 days 00:03:25.470000,2,0 days 00:05:10.260999999,2,0 days 00:02:32.188000,1,0 days 00:01:01.069000,0,0 days 00:00:00,0,0 days 00:00:00,0,0 days 00:00:00,0,0 days 00:00:00,0,0 days 00:00:00,0,0 days 00:00:00,0,0 days 00:00:00
CC11.Bin_BLeft_Full,0,0 days 00:00:00,0,0 days 00:00:00,0,0 days 00:00:00,0,0 days 00:00:00,0,0 days 00:00:00,0,0 days 00:00:00,0,0 days 00:00:00,0,0 days 00:00:00,0,0 days 00:00:00,0,0 days 00:00:00,0,0 days 00:00:00,0,0 days 00:00:00,0,0 days 00:00:00,0,0 days 00:00:00,0,0 days 00:00:00,0,0 days 00:00:00,0,0 days 00:00:00,0,0 days 00:00:00,0,0 days 00:00:00,0,0 days 00:00:00,0,0 days 00:00:00,0,0 days 00:00:00,0,0 days 00:00:00,0,0 days 00:00:00
CC11.Bin_BRight_Full,1,0 days 00:02:51.180000,0,0 days 00:00:00,1,0 days 00:00:55.106000,1,0 days 00:07:31.650000,1,0 days 00:03:42.302000,2,0 days 00:05:02.337999999,1,0 days 00:21:55.582000,2,0 days 00:10:17.353000,1,0 days 00:01:18.978000,1,0 days 00:01:38.132000,1,0 days 00:01:19.072000,0,0 days 00:00:00,2,0 days 00:10:31.091000,1,0 days 00:02:04.145000,2,0 days 00:04:51.322000,2,0 days 00:03:47.299000,1,0 days 00:01:21.084000,0,0 days 00:00:00,0,0 days 00:00:00,0,0 days 00:00:00,0,0 days 00:00:00,0,0 days 00:00:00,0,0 days 00:00:00,0,0 days 00:00:00
CC12.Bin_BLeft_Full,1,0 days 00:01:30.071000,1,0 days 00:00:46.058000,2,0 days 00:03:17.190999999,1,0 days 00:05:51.607000,1,0 days 00:01:54.181000,2,0 days 00:02:31.218000,1,0 days 00:16:22.719000,2,0 days 00:11:56.258000,1,0 days 00:00:57.999000,1,0 days 00:01:32.029000,2,0 days 00:03:00.264000,1,0 days 00:02:54.375000,2,0 days 00:03:00.500000,2,0 days 00:02:24.332000,2,0 days 00:03:21.349000,2,0 days 00:02:28.188000,1,0 days 00:01:19.011000,0,0 days 00:00:00,0,0 days 00:00:00,0,0 days 00:00:00,0,0 days 00:00:00,0,0 days 00:00:00,0,0 days 00:00:00,0,0 days 00:00:00
CC12.Bin_BRight_Full,1,0 days 00:01:32.117000,1,0 days 00:00:53.133000,2,0 days 00:03:58.214000,1,0 days 00:03:21.512000,1,0 days 00:01:13.148000,1,0 days 00:02:03.434000,2,0 days 00:30:40.895000,3,0 days 00:07:14.234000,1,0 days 00:05:42.270000,1,0 days 00:01:57.607000,1,0 days 00:04:34.918000,2,0 days 00:04:19.354000,2,0 days 00:07:11.699000,1,0 days 00:02:10.088000,3,0 days 00:09:00.139000,2,0 days 00:04:12.565000,1,0 days 00:01:25.704000,0,0 days 00:00:00,0,0 days 00:00:00,0,0 days 00:00:00,0,0 days 00:00:00,0,0 days 00:00:00,0,0 days 00:00:00,0,0 days 00:00:00
CC13.Bin_BLeft_Full,0,0 days 00:00:00,0,0 days 00:00:00,0,0 days 00:00:00,0,0 days 00:00:00,0,0 days 00:00:00,0,0 days 00:00:00,0,0 days 00:00:00,0,0 days 00:00:00,0,0 days 00:00:00,0,0 days 00:00:00,0,0 days 00:00:00,0,0 days 00:00:00,0,0 days 00:00:00,0,0 days 00:00:00,0,0 days 00:00:00,0,0 days 00:00:00,0,0 days 00:00:00,0,0 days 00:00:00,0,0 days 00:00:00,0,0 days 00:00:00,0,0 days 00:00:00,0,0 days 00:00:00,0,0 days 00:00:00,0,0 days 00:00:00
CC13.Bin_BRight_Full,1,0 days 00:01:19.090000,0,0 days 00:00:00,1,0 days 00:00:24.035000,1,0 days 00:01:06.056000,1,0 days 00:01:30.052000,1,0 days 00:01:59.137000,1,0 days 00:04:16.349000,2,0 days 00:01:24.472000,0,0 days 00:00:17.740000,1,0 days 00:01:12.091000,1,0 days 00:01:38.211000,1,0 days 00:00:25.014000,2,0 days 00:04:00.961000,1,0 days 00:04:49.227000,1,0 days 00:04:05.469000,1,0 days 00:03:05.290000,1,0 days 00:01:23.039000,0,0 days 00:00:00,0,0 days 00:00:00,0,0 days 00:00:00,0,0 days 00:00:00,0,0 days 00:00:00,0,0 days 00:00:00,0,0 days 00:00:00
CC14.Bin_BLeft_Full,1,0 days 00:01:30.109000,1,0 days 00:01:04.025000,2,0 days 00:02:17.249000,1,0 days 00:01:14.102000,1,0 days 00:02:08.058000,2,0 days 00:15:49.286000,1,0 days 00:11:29.572000,1,0 days 00:09:34.858999999,1,0 days 00:02:47.445000,1,0 days 00:01:08.031000,1,0 days 00:01:13.034000,1,0 days 00:01:40.053000,2,0 days 00:09:06.573000,2,0 days 00:03:59.208000,2,0 days 00:04:25.341000,1,0 days 00:00:29.370000,2,0 days 00:05:44.313000,0,0 days 00:00:00,0,0 days 00:00:00,0,0 days 00:00:00,0,0 days 00:00:00,0,0 days 00:00:00,0,0 days 00:00:00,0,0 days 00:00:00
CC14.Bin_BRight_Full,1,0 days 00:08:45.578999999,2,0 days 00:03:19.461000,1,0 days 00:00:39.062000,1,0 days 00:00:49.182000,1,0 days 00:00:53.176000,2,0 days 00:06:05.541000,2,0 days 00:01:47.638000,2,0 days 00:20:07.100000,0,0 days 00:00:00,1,0 days 00:02:17.348999999,2,0 days 00:02:28.221000,1,0 days 00:02:37.257000,1,0 days 00:02:42.194000,3,0 days 00:07:54.708999999,2,0 days 00:02:35.067999999,2,0 days 00:05:39.251000,1,0 days 00:01:06.137000,0,0 days 00:00:00,0,0 days 00:00:00,0,0 days 00:00:00,0,0 days 00:00:00,0,0 days 00:00:00,0,0 days 00:00:00,0,0 days 00:00:00
CC15.Bin_BLeft_Full,0,0 days 00:00:00,0,0 days 00:00:00,0,0 days 00:00:00,0,0 days 00:00:00,0,0 days 00:00:00,0,0 days 00:00:00,0,0 days 00:00:00,0,0 days 00:00:00,0,0 days 00:00:00,0,0 days 00:00:00,0,0 days 00:00:00,0,0 days 00:00:00,0,0 days 00:00:00,0,0 days 00:00:00,0,0 days 00:00:00,0,0 days 00:00:00,0,0 days 00:00:00,0,0 days 00:00:00,0,0 days 00:00:00,0,0 days 00:00:00,0,0 days 00:00:00,0,0 days 00:00:00,0,0 days 00:00:00,0,0 days 00:00:00
CC15.Bin_BRight_Full,1,0 days 00:02:43.431000,0,0 days 00:00:00,0,0 days 00:00:00,1,0 days 00:00:48.072000,1,0 days 00:00:27.040000,1,0 days 00:02:34.111000,2,0 days 00:12:21.199000,2,0 days 00:07:38.334000,0,0 days 00:11:48.790000,1,0 days 00:00:54.051000,1,0 days 00:02:32.260000,2,0 days 00:02:12.094000,1,0 days 00:02:26.358000,1,0 days 00:03:29.317000,2,0 days 00:05:05.443000,1,0 days 00:00:25.992000,2,0 days 00:02:42.211000,0,0 days 00:00:00,0,0 days 00:00:00,0,0 days 00:00:00,0,0 days 00:00:00,0,0 days 00:00:00,0,0 days 00:00:00,0,0 days 00:00:00
CC16.Bin_BLeft_Full,1,0 days 00:02:23.200000,1,0 days 00:01:11.063000,2,0 days 00:02:05.091000,1,0 days 00:02:02.161000,1,0 days 00:02:33.193000,2,0 days 00:09:11.918000,1,0 days 00:13:12.428000,0,0 days 00:13:20.994000,1,0 days 00:01:55.079000,0,0 days 00:00:00,2,0 days 00:05:56.454000,3,0 days 00:03:43.011000,3,0 days 00:16:31.502000,1,0 days 00:02:07.726000,2,0 days 00:04:57.505000,1,0 days 00:00:27.050000,1,0 days 00:02:27.202000,0,0 days 00:00:00,0,0 days 00:00:00,0,0 days 00:00:00,0,0 days 00:00:00,0,0 days 00:00:00,0,0 days 00:00:00,0,0 days 00:00:00
CC16.Bin_BRight_Full,1,0 days 00:00:56.049000,1,0 days 00:00:45.038000,0,0 days 00:00:00,1,0 days 00:02:30.150000,1,0 days 00:01:02.086000,2,0 days 00:04:20.283000,2,0 days 00:00:54.054999999,2,0 days 00:26:18.133000,0,0 days 00:02:51.053000,4,0 days 00:05:03.260000,2,0 days 00:05:40.746000,2,0 days 00:02:32.130000,6,0 days 00:12:43.312999999,2,0 days 00:08:43.630000,2,0 days 00:08:05.837000,2,0 days 00:02:13.089000,1,0 days 00:01:23.023000,0,0 days 00:00:00,0,0 days 00:00:00,0,0 days 00:00:00,0,0 days 00:00:00,0,0 days 00:00:00,0,0 days 00:00:00,0,0 days 00:00:00
CC17.Bin_BLeft_Full,0,0 days 00:00:00,0,0 days 00:00:00,0,0 days 00:00:00,0,0 days 00:00:00,0,0 days 00:00:00,0,0 days 00:00:00,0,0 days 00:00:00,0,0 days 00:00:00,0,0 days 00:00:00,0,0 days 00:00:00,0,0 days 00:00:00,0,0 days 00:00:00,0,0 days 00:00:00,0,0 days 00:00:00,0,0 days 00:00:00,0,0 days 00:00:00,0,0 days 00:00:00,0,0 days 00:00:00,0,0 days 00:00:00,0,0 days 00:00:00,0,0 days 00:00:00,0,0 days 00:00:00,0,0 days 00:00:00,0,0 days 00:00:00
CC17.Bin_BRight_Full,1,0 days 00:09:23.561000,0,0 days 00:00:00,1,0 days 00:00:39.009000,1,0 days 00:00:43.038000,1,0 days 00:02:25.191000,1,0 days 00:02:01.054000,1,0 days 00:19:11.825000,1,0 days 00:10:16.685000,0,0 days 00:00:00,0,0 days 00:00:00,1,0 days 00:03:41.352000,2,0 days 00:04:35.776000,1,0 days 00:01:28.265000,0,0 days 00:00:00,2,0 days 00:03:18.413000,1,0 days 00:05:15.520000,1,0 days 00:03:30.223000,0,0 days 00:00:00,0,0 days 00:00:00,0,0 days 00:00:00,0,0 days 00:00:00,0,0 days 00:00:00,0,0 days 00:00:00,0,0 days 00:00:00
CC18.Bin_BLeft_Full,0,0 days 00:00:00,1,0 days 00:06:43.438000,2,0 days 00:01:53.053000,0,0 days 00:00:00,1,0 days 00:01:29.123000,1,0 days 00:01:38.037000,2,0 days 00:23:22.940000,1,0 days 00:10:41.918000,1,0 days 00:01:17.032000,0,0 days 00:00:00,1,0 days 00:01:24.044000,2,0 days 00:05:36.215000,0,0 days 00:00:00,1,0 days 00:01:14.410000,1,0 days 00:02:48.139000,1,0 days 00:02:29.024000,1,0 days 00:04:02.202000,0,0 days 00:00:00,0,0 days 00:00:00,0,0 days 00:00:00,0,0 days 00:00:00,0,0 days 00:00:00,0,0 days 00:00:00,0,0 days 00:00:00
CC18.Bin_BRight_Full,1,0 days 00:03:01.195000,0,0 days 00:00:00,1,0 days 00:02:46.126000,1,0 days 00:01:27.096000,1,0 days 00:03:13.132000,1,0 days 00:11:07.955000,0,0 days 00:00:00,2,0 days 00:20:58.108000,0,0 days 00:00:00,1,0 days 00:01:32.047000,1,0 days 00:00:46.980000,1,0 days 00:03:41.345000,2,0 days 00:02:06.132000,1,0 days 00:01:19.257000,2,0 days 00:02:48.221000,1,0 days 00:03:47.726000,1,0 days 00:02:41.767000,0,0 days 00:00:00,0,0 days 00:00:00,0,0 days 00:00:00,0,0 days 00:00:00,0,0 days 00:00:00,0,0 days 00:00:00,0,0 days 00:00:00
CC19.Bin_BLeft_Full,0,0 days 00:00:00,0,0 days 00:00:00,0,0 days 00:00:00,0,0 days 00:00:00,0,0 days 00:00:00,0,0 days 00:00:00,0,0 days 00:00:00,0,0 days 00:00:00,0,0 days 00:00:00,0,0 days 00:00:00,0,0 days 00:00:00,0,0 days 00:00:00,0,0 days 00:00:00,0,0 days 00:00:00,0,0 days 00:00:00,0,0 days 00:00:00,0,0 days 00:00:00,0,0 days 00:00:00,0,0 days 00:00:00,0,0 days 00:00:00,0,0 days 00:00:00,0,0 days 00:00:00,0,0 days 00:00:00,0,0 days 00:00:00
CC19.Bin_BRight_Full,1,0 days 00:01:18.015000,0,0 days 00:00:00,0,0 days 00:00:00,1,0 days 00:00:53.070000,0,0 days 00:00:00,1,0 days 00:03:53.267000,1,0 days 00:11:31.836000,1,0 days 00:01:27.331000,1,0 days 00:01:31.279000,0,0 days 00:00:00,1,0 days 00:01:27.150000,1,0 days 00:01:00.070000,1,0 days 00:05:04.465000,1,0 days 00:00:38.075000,1,0 days 00:09:03.965000,1,0 days 00:00:50.064000,1,0 days 00:03:18.288000,0,0 days 00:00:00,0,0 days 00:00:00,0,0 days 00:00:00,0,0 days 00:00:00,0,0 days 00:00:00,0,0 days 00:00:00,0,0 days 00:00:00
CC20.Bin_BLeft_Full,0,0 days 00:00:00,1,0 days 00:00:47.379000,0,0 days 00:00:00,1,0 days 00:01:05.087999999,1,0 days 00:02:47.212000,1,0 days 00:01:57.217000,1,0 days 00:08:37.413000,1,0 days 00:19:34.733000,1,0 days 00:02:27.176000,1,0 days 00:01:07.046000,1,0 days 00:00:23.019000,1,0 days 00:00:56.219000,2,0 days 00:05:42.443000,1,0 days 00:01:51.109000,2,0 days 00:03:42.192000,1,0 days 00:02:31.189000,1,0 days 00:07:53.465000,0,0 days 00:00:00,0,0 days 00:00:00,0,0 days 00:00:00,0,0 days 00:00:00,0,0 days 00:00:00,0,0 days 00:00:00,0,0 days 00:00:00
CC20.Bin_BRight_Full,1,0 days 00:04:28.269000,0,0 days 00:00:00,1,0 days 00:01:32.203000,0,0 days 00:00:00,1,0 days 00:03:05.474000,1,0 days 00:03:02.305000,1,0 days 00:00:55.074000,1,0 days 00:31:33.372000,2,0 days 00:03:01.206000,0,0 days 00:00:00,1,0 days 00:04:09.125000,2,0 days 00:02:24.177000,1,0 days 00:14:57.283000,1,0 days 00:04:02.362000,2,0 days 00:03:12.151000,2,0 days 00:03:31.316000,0,0 days 00:00:00,0,0 days 00:00:00,0,0 days 00:00:00,0,0 days 00:00:00,0,0 days 00:00:00,0,0 days 00:00:00,0,0 days 00:00:00,0,0 days 00:00:00
CC21.Bin_BLeft_Full,0,0 days 00:00:00,0,0 days 00:00:00,0,0 days 00:00:00,0,0 days 00:00:00,0,0 days 00:00:00,0,0 days 00:00:00,0,0 days 00:00:00,0,0 days 00:00:00,0,0 days 00:00:00,0,0 days 00:00:00,0,0 days 00:00:00,0,0 days 00:00:00,0,0 days 00:00:00,0,0 days 00:00:00,0,0 days 00:00:00,0,0 days 00:00:00,0,0 days 00:00:00,0,0 days 00:00:00,0,0 days 00:00:00,0,0 days 00:00:00,0,0 days 00:00:00,0,0 days 00:00:00,0,0 days 00:00:00,0,0 days 00:00:00
CC21.Bin_BRight_Full,1,0 days 00:03:09.135000,0,0 days 00:00:00,1,0 days 00:00:42.090000,1,0 days 00:01:22.362000,0,0 days 00:00:00,2,0 days 00:05:40.739000,1,0 days 00:01:41.216000,0,0 days 00:06:47.137000,0,0 days 00:00:00,0,0 days 00:00:00,1,0 days 00:01:24.102000,1,0 days 00:00:40.038000,2,0 days 00:21:02.147000,1,0 days 00:00:24.183000,0,0 days 00:00:00,1,0 days 00:02:22.244000,1,0 days 00:02:32.124000,0,0 days 00:00:00,0,0 days 00:00:00,0,0 days 00:00:00,0,0 days 00:00:00,0,0 days 00:00:00,0,0 days 00:00:00,0,0 days 00:00:00
CC22.Bin_BLeft_Full,1,0 days 00:00:40.038000,0,0 days 00:00:00,1,0 days 00:00:49.029000,0,0 days 00:00:00,1,0 days 00:01:35.129000,1,0 days 00:02:47.729000,0,0 days 00:03:43.742000,1,0 days 00:00:47.035000,1,0 days 00:01:51.087000,0,0 days 00:00:00,1,0 days 00:02:30.411000,1,0 days 00:01:00.157000,1,0 days 00:07:51.117000,1,0 days 00:01:05.016999999,0,0 days 00:00:00,1,0 days 00:01:16.076000,1,0 days 00:02:46.104000,0,0 days 00:00:00,0,0 days 00:00:00,0,0 days 00:00:00,0,0 days 00:00:00,0,0 days 00:00:00,0,0 days 00:00:00,0,0 days 00:00:00
CC22.Bin_BRight_Full,0,0 days 00:00:00,1,0 days 00:00:57.021000,1,0 days 00:01:38.281000,0,0 days 00:00:00,0,0 days 00:00:00,1,0 days 00:03:43.264000,1,0 days 00:03:47.678000,0,0 days 00:05:00.110000,1,0 days 00:00:03.003000,0,0 days 00:00:00,1,0 days 00:01:41.031000,1,0 days 00:01:24.157000,1,0 days 00:04:11.373000,1,0 days 00:03:57.597000,1,0 days 00:05:03.310000,1,0 days 00:04:39.222000,0,0 days 00:00:00,0,0 days 00:00:00,0,0 days 00:00:00,0,0 days 00:00:00,0,0 days 00:00:00,0,0 days 00:00:00,0,0 days 00:00:00,0,0 days 00:00:00
CC23.Bin_BLeft_Full,0,0 days 00:00:00,0,0 days 00:00:00,0,0 days 00:00:00,0,0 days 00:00:00,0,0 days 00:00:00,0,0 days 00:00:00,0,0 days 00:00:00,0,0 days 00:00:00,0,0 days 00:00:00,0,0 days 00:00:00,0,0 days 00:00:00,0,0 days 00:00:00,0,0 days 00:00:00,0,0 days 00:00:00,0,0 days 00:00:00,0,0 days 00:00:00,0,0 days 00:00:00,0,0 days 00:00:00,0,0 days 00:00:00,0,0 days 00:00:00,0,0 days 00:00:00,0,0 days 00:00:00,0,0 days 00:00:00,0,0 days 00:00:00
CC23.Bin_BRight_Full,1,0 days 00:03:03.431000,0,0 days 00:00:00,0,0 days 00:00:00,1,0 days 00:01:21.129000,0,0 days 00:00:00,1,0 days 00:06:25.751000,2,0 days 00:06:07.445000,1,0 days 00:02:30.297000,1,0 days 00:00:44.036000,0,0 days 00:00:00,1,0 days 00:00:39.034000,1,0 days 00:00:49.049000,2,0 days 00:10:18.765000,1,0 days 00:00:27.037000,0,0 days 00:00:00,1,0 days 00:01:06.049000,0,0 days 00:00:00,0,0 days 00:00:00,0,0 days 00:00:00,0,0 days 00:00:00,0,0 days 00:00:00,0,0 days 00:00:00,0,0 days 00:00:00,0,0 days 00:00:00
CC24.Bin_BLeft_Full,0,0 days 00:00:00,1,0 days 00:00:45.002000,0,0 days 00:00:00,0,0 days 00:00:00,1,0 days 00:01:30.335000,1,0 days 00:02:10.112000,1,0 days 00:11:27.963000,1,0 days 00:07:24.893000,1,0 days 00:00:44.071000,0,0 days 00:00:00,1,0 days 00:05:31.179000,1,0 days 00:03:20.115000,1,0 days 00:03:38.368000,1,0 days 00:06:29.648000,1,0 days 00:03:01.268000,1,0 days 00:01:51.163000,1,0 days 00:10:20.929000,0,0 days 00:00:00,0,0 days 00:00:00,0,0 days 00:00:00,0,0 days 00:00:00,0,0 days 00:00:00,0,0 days 00:00:00,0,0 days 00:00:00
CC24.Bin_BRight_Full,2,0 days 00:00:56.109000,0,0 days 00:00:00,1,0 days 00:00:02.995000,0,0 days 00:00:00,0,0 days 00:00:00,2,0 days 00:01:07.151000,1,0 days 00:04:23.338000,1,0 days 00:29:39.645000,0,0 days 00:00:00,1,0 days 00:02:14.150000,1,0 days 00:02:53.215000,1,0 days 00:02:46.203000,1,0 days 00:14:03.933000,1,0 days 00:01:02.365000,1,0 days 00:01:35.115000,1,0 days 00:03:47.383000,0,0 days 00:00:00,0,0 days 00:00:00,0,0 days 00:00:00,0,0 days 00:00:00,0,0 days 00:00:00,0,0 days 00:00:00,0,0 days 00:00:00,0,0 days 00:00:00
CC25.Bin_BLeft_Full,0,0 days 00:00:00,0,0 days 00:00:00,0,0 days 00:00:00,0,0 days 00:00:00,0,0 days 00:00:00,0,0 days 00:00:00,0,0 days 00:00:00,0,0 days 00:00:00,0,0 days 00:00:00,0,0 days 00:00:00,0,0 days 00:00:00,0,0 days 00:00:00,0,0 days 00:00:00,0,0 days 00:00:00,0,0 days 00:00:00,0,0 days 00:00:00,0,0 days 00:00:00,0,0 days 00:00:00,0,0 days 00:00:00,0,0 days 00:00:00,0,0 days 00:00:00,0,0 days 00:00:00,0,0 days 00:00:00,0,0 days 00:00:00
CC25.Bin_BRight_Full,1,0 days 00:01:59.142000,1,0 days 00:01:34.162000,0,0 days 00:00:00,1,0 days 00:05:00.388000,0,0 days 00:00:00,2,0 days 00:03:37.175000,0,0 days 00:03:03.415000,2,0 days 00:01:51.930000,0,0 days 00:00:29.189000,0,0 days 00:00:00,1,0 days 00:06:53.447000,2,0 days 00:02:49.181000,1,0 days 00:17:37.938000,1,0 days 00:03:08.330000,1,0 days 00:02:33.350000,2,0 days 00:04:45.570000,0,0 days 00:00:00,0,0 days 00:00:00,0,0 days 00:00:00,0,0 days 00:00:00,0,0 days 00:00:00,0,0 days 00:00:00,0,0 days 00:00:00,0,0 days 00:00:00
CC26.Bin_BLeft_Full,1,0 days 00:03:33.223000,1,0 days 00:01:14.048000,1,0 days 00:02:45.231000,1,0 days 00:01:44.231000,0,0 days 00:00:00,2,0 days 00:05:57.518000,1,0 days 00:07:51.722000,2,0 days 00:12:33.028000,0,0 days 00:00:00,1,0 days 00:00:48.122000,1,0 days 00:03:26.292000,1,0 days 00:02:00.049000,1,0 days 00:02:56.382000,1,0 days 00:03:26.256000,1,0 days 00:06:35.498000,1,0 days 00:00:31.007000,1,0 days 00:02:17.024000,0,0 days 00:00:00,0,0 days 00:00:00,0,0 days 00:00:00,0,0 days 00:00:00,0,0 days 00:00:00,0,0 days 00:00:00,0,0 days 00:00:00
CC26.Bin_BRight_Full,1,0 days 00:00:46.047000,0,0 days 00:00:00,1,0 days 00:00:19.008000,1,0 days 00:00:31.034000,1,0 days 00:08:06.486000,1,0 days 00:04:18.479000,1,0 days 00:01:03.089000,1,0 days 00:33:31.058000,1,0 days 00:01:21.023000,0,0 days 00:00:00,1,0 days 00:10:34.870000,1,0 days 00:00:57.075000,2,0 days 00:24:08.560000,1,0 days 00:01:18.175000,1,0 days 00:03:09.245000,1,0 days 00:00:53,1,0 days 00:00:31.020000,0,0 days 00:00:00,0,0 days 00:00:00,0,0 days 00:00:00,0,0 days 00:00:00,0,0 days 00:00:00,0,0 days 00:00:00,0,0 days 00:00:00
CC27.Bin_BLeft_Full,0,0 days 00:00:00,0,0 days 00:00:00,0,0 days 00:00:00,0,0 days 00:00:00,0,0 days 00:00:00,0,0 days 00:00:00,0,0 days 00:00:00,0,0 days 00:00:00,0,0 days 00:00:00,0,0 days 00:00:00,0,0 days 00:00:00,0,0 days 00:00:00,0,0 days 00:00:00,0,0 days 00:00:00,0,0 days 00:00:00,0,0 days 00:00:00,0,0 days 00:00:00,0,0 days 00:00:00,0,0 days 00:00:00,0,0 days 00:00:00,0,0 days 00:00:00,0,0 days 00:00:00,0,0 days 00:00:00,0,0 days 00:00:00
CC27.Bin_BRight_Full,0,0 days 00:00:00,1,0 days 00:01:56.395000,0,0 days 00:00:00,0,0 days 00:00:00,1,0 days 00:02:29.152000,1,0 days 00:01:52.070000,0,0 days 00:00:00,2,0 days 00:03:22.188000,0,0 days 00:00:00,2,0 days 00:01:15.043000,1,0 days 00:00:32.022000,1,0 days 00:01:13.123000,1,0 days 00:21:23.096000,1,0 days 00:03:34.268000,1,0 days 00:00:32.037000,1,0 days 00:01:48.076000,1,0 days 00:01:05.096999999,0,0 days 00:00:00,0,0 days 00:00:00,0,0 days 00:00:00,0,0 days 00:00:00,0,0 days 00:00:00,0,0 days 00:00:00,0,0 days 00:00:00
CC28.Bin_BLeft_Full,0,0 days 00:00:00,0,0 days 00:00:00,0,0 days 00:00:00,1,0 days 00:01:14.441000,0,0 days 00:00:00,1,0 days 00:07:51.565000,1,0 days 00:14:04.742000,1,0 days 00:03:19.215000,0,0 days 00:00:00,1,0 days 00:03:09.122000,0,0 days 00:00:00,2,0 days 00:04:14.456000,1,0 days 00:07:08.581000,0,0 days 00:00:00,1,0 days 00:02:21.126000,1,0 days 00:04:49.302000,1,0 days 00:01:28.095000,0,0 days 00:00:00,0,0 days 00:00:00,0,0 days 00:00:00,0,0 days 00:00:00,0,0 days 00:00:00,0,0 days 00:00:00,0,0 days 00:00:00
CC28.Bin_BRight_Full,1,0 days 00:02:45.239000,0,0 days 00:00:00,1,0 days 00:03:25.173000,0,0 days 00:00:00,1,0 days 00:06:16.250000,1,0 days 00:04:21.539000,0,0 days 00:00:00,1,0 days 00:20:44.082000,1,0 days 00:02:15.338000,0,0 days 00:00:00,1,0 days 00:06:38.701000,1,0 days 00:01:29.140000,1,0 days 00:02:31.593000,1,0 days 00:01:21.016000,1,0 days 00:01:44.324000,1,0 days 00:02:18.207000,1,0 days 00:01:50.021000,0,0 days 00:00:00,0,0 days 00:00:00,0,0 days 00:00:00,0,0 days 00:00:00,0,0 days 00:00:00,0,0 days 00:00:00,0,0 days 00:00:00
CC29.Bin_BLeft_Full,0,0 days 00:00:00,0,0 days 00:00:00,0,0 days 00:00:00,0,0 days 00:00:00,0,0 days 00:00:00,0,0 days 00:00:00,0,0 days 00:00:00,0,0 days 00:00:00,0,0 days 00:00:00,0,0 days 00:00:00,0,0 days 00:00:00,0,0 days 00:00:00,0,0 days 00:00:00,0,0 days 00:00:00,0,0 days 00:00:00,0,0 days 00:00:00,0,0 days 00:00:00,0,0 days 00:00:00,0,0 days 00:00:00,0,0 days 00:00:00,0,0 days 00:00:00,0,0 days 00:00:00,0,0 days 00:00:00,0,0 days 00:00:00
CC29.Bin_BRight_Full,0,0 days 00:00:00,0,0 days 00:00:00,1,0 days 00:01:33.099000,0,0 days 00:00:00,1,0 days 00:03:31.309000,1,0 days 00:03:50.230000,1,0 days 00:05:58.601000,1,0 days 00:02:35.102000,0,0 days 00:00:00,1,0 days 00:01:04.069999999,0,0 days 00:00:00,1,0 days 00:05:10.377000,2,0 days 00:17:31.982000,1,0 days 00:00:41.018000,1,0 days 00:02:03.153000,1,0 days 00:02:33.376000,0,0 days 00:00:00,0,0 days 00:00:00,0,0 days 00:00:00,0,0 days 00:00:00,0,0 days 00:00:00,0,0 days 00:00:00,0,0 days 00:00:00,0,0 days 00:00:00
CC30.Bin_BLeft_Full,0,0 days 00:00:00,1,0 days 00:00:11.031000,0,0 days 00:00:00,1,0 days 00:01:44.202000,0,0 days 00:00:00,1,0 days 00:02:11.100000,1,0 days 00:01:14.371000,0,0 days 00:01:01.876000,1,0 days 00:00:38.077000,0,0 days 00:00:00,1,0 days 00:02:27.279000,1,0 days 00:01:47.058000,1,0 days 00:02:08.252000,1,0 days 00:06:20.735000,1,0 days 00:05:01.370000,1,0 days 00:01:53.055000,0,0 days 00:00:00,0,0 days 00:00:00,0,0 days 00:00:00,0,0 days 00:00:00,0,0 days 00:00:00,0,0 days 00:00:00,0,0 days 00:00:00,0,0 days 00:00:00
CC30.Bin_BRight_Full,0,0 days 00:00:00,1,0 days 00:01:22.154000,1,0 days 00:00:24.040000,0,0 days 00:00:00,0,0 days 00:00:00,1,0 days 00:07:39.668000,1,0 days 00:00:36.038000,1,0 days 00:01:00.132000,0,0 days 00:00:00,1,0 days 00:04:39.386000,0,0 days 00:00:00,1,0 days 00:02:37.088000,2,0 days 00:15:53.795000,0,0 days 00:00:00,1,0 days 00:01:59.142000,1,0 days 00:00:44.034000,1,0 days 00:03:29.382000,0,0 days 00:00:00,0,0 days 00:00:00,0,0 days 00:00:00,0,0 days 00:00:00,0,0 days 00:00:00,0,0 days 00:00:00,0,0 days 00:00:00
CC31.Bin_BLeft_Full,0,0 days 00:00:00,0,0 days 00:00:00,0,0 days 00:00:00,0,0 days 00:00:00,0,0 days 00:00:00,0,0 days 00:00:00,0,0 days 00:00:00,0,0 days 00:00:00,0,0 days 00:00:00,0,0 days 00:00:00,0,0 days 00:00:00,0,0 days 00:00:00,0,0 days 00:00:00,0,0 days 00:00:00,0,0 days 00:00:00,0,0 days 00:00:00,0,0 days 00:00:00,0,0 days 00:00:00,0,0 days 00:00:00,0,0 days 00:00:00,0,0 days 00:00:00,0,0 days 00:00:00,0,0 days 00:00:00,0,0 days 00:00:00
CC31.Bin_BRight_Full,1,0 days 00:01:56.116000,0,0 days 00:00:00,1,0 days 00:02:34.519000,1,0 days 00:03:53.170000,0,0 days 00:00:00,1,0 days 00:06:04.316000,1,0 days 00:05:51.586000,1,0 days 00:08:34.769000,1,0 days 00:01:50.113000,0,0 days 00:00:00,1,0 days 00:01:29.235000,1,0 days 00:00:48.007000,2,0 days 00:08:24.264000,1,0 days 00:04:16.185999999,1,0 days 00:01:09.170000,1,0 days 00:01:50.047000,1,0 days 00:01:12.026000,0,0 days 00:00:00,0,0 days 00:00:00,0,0 days 00:00:00,0,0 days 00:00:00,0,0 days 00:00:00,0,0 days 00:00:00,0,0 days 00:00:00
CC32.Bin_BLeft_Full,0,0 days 00:00:00,1,0 days 00:01:45.199000,1,0 days 00:01:50.046000,0,0 days 00:00:00,1,0 days 00:01:20.127000,1,0 days 00:04:26.819000,1,0 days 00:04:11.766000,1,0 days 00:02:02.171000,0,0 days 00:00:00,1,0 days 00:01:56.300000,1,0 days 00:02:33.265000,1,0 days 00:02:56.294000,1,0 days 00:08:55.714000,0,0 days 00:00:00,1,0 days 00:02:56.125000,1,0 days 00:01:02.145000,1,0 days 00:10:13.771000,0,0 days 00:00:00,0,0 days 00:00:00,0,0 days 00:00:00,0,0 days 00:00:00,0,0 days 00:00:00,0,0 days 00:00:00,0,0 days 00:00:00
CC32.Bin_BRight_Full,1,0 days 00:02:14.285000,0,0 days 00:00:00,1,0 days 00:00:42.028000,1,0 days 00:01:26.064000,0,0 days 00:00:00,1,0 days 00:04:20.334000,0,0 days 00:00:00,1,0 days 00:12:32.230000,1,0 days 00:02:38.089000,0,0 days 00:00:00,1,0 days 00:01:40.390000,1,0 days 00:02:51.155000,1,0 days 00:01:21.138000,1,0 days 00:05:13.423000,2,0 days 00:05:29.345000,1,0 days 00:05:37.596000,0,0 days 00:00:00,0,0 days 00:00:00,0,0 days 00:00:00,0,0 days 00:00:00,0,0 days 00:00:00,0,0 days 00:00:00,0,0 days 00:00:00,0,0 days 00:00:00
CC33.Bin_BLeft_Full,0,0 days 00:00:00,0,0 days 00:00:00,0,0 days 00:00:00,0,0 days 00:00:00,0,0 days 00:00:00,0,0 days 00:00:00,0,0 days 00:00:00,0,0 days 00:00:00,0,0 days 00:00:00,0,0 days 00:00:00,0,0 days 00:00:00,0,0 days 00:00:00,0,0 days 00:00:00,0,0 days 00:00:00,0,0 days 00:00:00,0,0 days 00:00:00,0,0 days 00:00:00,0,0 days 00:00:00,0,0 days 00:00:00,0,0 days 00:00:00,0,0 days 00:00:00,0,0 days 00:00:00,0,0 days 00:00:00,0,0 days 00:00:00
CC33.Bin_BRight_Full,0,0 days 00:00:00,0,0 days 00:00:00,0,0 days 00:00:00,0,0 days 00:00:00,0,0 days 00:00:00,0,0 days 00:00:00,0,0 days 00:00:00,0,0 days 00:00:00,0,0 days 00:00:00,0,0 days 00:00:00,0,0 days 00:00:00,0,0 days 00:00:00,0,0 days 00:00:00,0,0 days 00:00:00,0,0 days 00:00:00,0,0 days 00:00:00,0,0 days 00:00:00,0,0 days 00:00:00,0,0 days 00:00:00,0,0 days 00:00:00,0,0 days 00:00:00,0,0 days 00:00:00,0,0 days 00:00:00,0,0 days 00:00:00
CC34.Bin_BLeft_Full,0,0 days 00:00:00,0,0 days 00:00:00,0,0 days 00:00:00,0,0 days 00:00:00,0,0 days 00:00:00,0,0 days 00:00:00,0,0 days 00:00:00,0,0 days 00:00:00,0,0 days 00:00:00,0,0 days 00:00:00,0,0 days 00:00:00,0,0 days 00:00:00,0,0 days 00:00:00,0,0 days 00:00:00,0,0 days 00:00:00,0,0 days 00:00:00,0,0 days 00:00:00,0,0 days 00:00:00,0,0 days 00:00:00,0,0 days 00:00:00,0,0 days 00:00:00,0,0 days 00:00:00,0,0 days 00:00:00,0,0 days 00:00:00
CC34.Bin_BRight_Full,0,0 days 00:00:00,0,0 days 00:00:00,0,0 days 00:00:00,0,0 days 00:00:00,0,0 days 00:00:00,0,0 days 00:00:00,0,0 days 00:00:00,0,0 days 00:00:00,0,0 days 00:00:00,0,0 days 00:00:00,0,0 days 00:00:00,0,0 days 00:00:00,0,0 days 00:00:00,0,0 days 00:00:00,0,0 days 00:00:00,0,0 days 00:00:00,0,0 days 00:00:00,0,0 days 00:00:00,0,0 days 00:00:00,0,0 days 00:00:00,0,0 days 00:00:00,0,0 days 00:00:00,0,0 days 00:00:00,0,0 days 00:00:00
CC35.Bin_BLeft_Full,0,0 days 00:00:00,0,0 days 00:00:00,0,0 days 00:00:00,0,0 days 00:00:00,0,0 days 00:00:00,0,0 days 00:00:00,0,0 days 00:00:00,0,0 days 00:00:00,0,0 days 00:00:00,0,0 days 00:00:00,0,0 days 00:00:00,0,0 days 00:00:00,0,0 days 00:00:00,0,0 days 00:00:00,0,0 days 00:00:00,0,0 days 00:00:00,0,0 days 00:00:00,0,0 days 00:00:00,0,0 days 00:00:00,0,0 days 00:00:00,0,0 days 00:00:00,0,0 days 00:00:00,0,0 days 00:00:00,0,0 days 00:00:00
CC35.Bin_BRight_Full,0,0 days 00:00:00,0,0 days 00:00:00,0,0 days 00:00:00,0,0 days 00:00:00,0,0 days 00:00:00,0,0 days 00:00:00,0,0 days 00:00:00,0,0 days 00:00:00,0,0 days 00:00:00,0,0 days 00:00:00,0,0 days 00:00:00,0,0 days 00:00:00,0,0 days 00:00:00,0,0 days 00:00:00,0,0 days 00:00:00,0,0 days 00:00:00,0,0 days 00:00:00,0,0 days 00:00:00,0,0 days 00:00:00,0,0 days 00:00:00,0,0 days 00:00:00,0,0 days 00:00:00,0,0 days 00:00:00,0,0 days 00:00:00
CC36.Bin_BLeft_Full,1,0 days 00:03:54.548000,0,0 days 00:00:00,1,0 days 00:01:00.032000,1,0 days 00:01:40.119000,0,0 days 00:00:00,1,0 days 00:02:01.096000,1,0 days 00:02:13.104000,1,0 days 00:17:06.101000,0,0 days 00:00:00,1,0 days 00:02:39.144000,1,0 days 00:01:19.114000,1,0 days 00:00:49.021000,1,0 days 00:00:56.091000,0,0 days 00:00:00,1,0 days 00:09:42.538000,1,0 days 00:00:27.076000,1,0 days 00:01:47.153000,0,0 days 00:00:00,0,0 days 00:00:00,0,0 days 00:00:00,0,0 days 00:00:00,0,0 days 00:00:00,0,0 days 00:00:00,0,0 days 00:00:00
CC36.Bin_BRight_Full,0,0 days 00:00:00,1,0 days 00:00:23.007000,1,0 days 00:01:16.036000,0,0 days 00:00:00,1,0 days 00:02:01.150000,1,0 days 00:08:09.694000,0,0 days 00:00:00,1,0 days 00:03:34.425000,1,0 days 00:07:29.433000,0,0 days 00:00:00,1,0 days 00:03:50.224000,1,0 days 00:04:22.391000,1,0 days 00:01:30.046000,0,0 days 00:00:00,1,0 days 00:00:43.023000,1,0 days 00:03:35.287000,0,0 days 00:00:00,0,0 days 00:00:00,0,0 days 00:00:00,0,0 days 00:00:00,0,0 days 00:00:00,0,0 days 00:00:00,0,0 days 00:00:00,0,0 days 00:00:00
CC37.Bin_BLeft_Full,0,0 days 00:00:00,0,0 days 00:00:00,0,0 days 00:00:00,0,0 days 00:00:00,0,0 days 00:00:00,0,0 days 00:00:00,0,0 days 00:00:00,0,0 days 00:00:00,0,0 days 00:00:00,0,0 days 00:00:00,0,0 days 00:00:00,0,0 days 00:00:00,0,0 days 00:00:00,0,0 days 00:00:00,0,0 days 00:00:00,0,0 days 00:00:00,0,0 days 00:00:00,0,0 days 00:00:00,0,0 days 00:00:00,0,0 days 00:00:00,0,0 days 00:00:00,0,0 days 00:00:00,0,0 days 00:00:00,0,0 days 00:00:00
CC37.Bin_BRight_Full,0,0 days 00:00:00,1,0 days 00:01:14.056000,0,0 days 00:00:00,1,0 days 00:14:05.031000,1,0 days 00:00:25.994000,1,0 days 00:02:04.478000,0,0 days 00:00:00,1,0 days 00:03:36.333000,0,0 days 00:00:00,1,0 days 00:01:10.074000,1,0 days 00:04:03.197000,0,0 days 00:00:00,1,0 days 00:02:53.388000,1,0 days 00:00:57.191000,1,0 days 00:03:42.161000,0,0 days 00:00:00,1,0 days 00:01:18.091000,0,0 days 00:00:00,0,0 days 00:00:00,0,0 days 00:00:00,0,0 days 00:00:00,0,0 days 00:00:00,0,0 days 00:00:00,0,0 days 00:00:00
CC38.Bin_BLeft_Full,0,0 days 00:00:00,1,0 days 00:00:36.007000,2,0 days 00:02:34.310000,0,0 days 00:00:00,0,0 days 00:00:00,2,0 days 00:12:27.185999999,1,0 days 00:08:00.751000,1,0 days 00:30:25.849000,1,0 days 00:07:45.804000,0,0 days 00:00:00,1,0 days 00:01:44.093000,1,0 days 00:01:23.372000,1,0 days 00:01:00.104000,1,0 days 00:00:18.042000,1,0 days 00:01:04.084999999,1,0 days 00:04:44.532000,0,0 days 00:00:00,0,0 days 00:00:00,0,0 days 00:00:00,0,0 days 00:00:00,0,0 days 00:00:00,0,0 days 00:00:00,0,0 days 00:00:00,0,0 days 00:00:00
CC38.Bin_BRight_Full,1,0 days 00:09:12.797000,1,0 days 00:01:11.080000,1,0 days 00:03:31.188000,1,0 days 00:06:04.627000,0,0 days 00:00:00,1,0 days 00:28:10.408000,0,0 days 00:00:00,1,0 days 00:12:08.493000,1,0 days 00:00:55.111000,1,0 days 00:01:14.015000,0,0 days 00:00:00,2,0 days 00:10:12.903000,1,0 days 00:03:41.399000,0,0 days 00:00:00,1,0 days 00:02:54.229000,1,0 days 00:02:14.097000,1,0 days 00:01:32.139000,0,0 days 00:00:00,0,0 days 00:00:00,0,0 days 00:00:00,0,0 days 00:00:00,0,0 days 00:00:00,0,0 days 00:00:00,0,0 days 00:00:00
CC39.Bin_BLeft_Full,0,0 days 00:00:00,0,0 days 00:00:00,0,0 days 00:00:00,0,0 days 00:00:00,0,0 days 00:00:00,0,0 days 00:00:00,0,0 days 00:00:00,0,0 days 00:00:00,0,0 days 00:00:00,0,0 days 00:00:00,0,0 days 00:00:00,0,0 days 00:00:00,0,0 days 00:00:00,0,0 days 00:00:00,0,0 days 00:00:00,0,0 days 00:00:00,0,0 days 00:00:00,0,0 days 00:00:00,0,0 days 00:00:00,0,0 days 00:00:00,0,0 days 00:00:00,0,0 days 00:00:00,0,0 days 00:00:00,0,0 days 00:00:00
CC39.Bin_BRight_Full,1,0 days 00:05:32.465000,0,0 days 00:00:00,1,0 days 00:00:20.996000,0,0 days 00:00:00,0,0 days 00:00:00,1,0 days 00:14:35.131000,0,0 days 00:00:00,2,0 days 00:22:18.274000,0,0 days 00:05:31.189000,1,0 days 00:00:51.029000,1,0 days 00:00:43.063000,1,0 days 00:01:26.095000,1,0 days 00:05:20.585000,0,0 days 00:00:00,1,0 days 00:01:14.033000,1,0 days 00:01:12.107000,1,0 days 00:01:03.063000,0,0 days 00:00:00,0,0 days 00:00:00,0,0 days 00:00:00,0,0 days 00:00:00,0,0 days 00:00:00,0,0 days 00:00:00,0,0 days 00:00:00
CC40.Bin_BLeft_Full,0,0 days 00:00:00,1,0 days 00:01:31.150000,1,0 days 00:03:26.210000,0,0 days 00:00:00,0,0 days 00:00:00,1,0 days 00:20:47.615000,1,0 days 00:03:10.723000,0,0 days 00:15:08.101000,1,0 days 00:01:42.044000,1,0 days 00:00:52.147000,1,0 days 00:01:36.198000,0,0 days 00:00:00,0,0 days 00:00:00,1,0 days 00:02:32.106000,0,0 days 00:00:00,0,0 days 00:00:00,1,0 days 00:00:57.063000,0,0 days 00:00:00,0,0 days 00:00:00,0,0 days 00:00:00,0,0 days 00:00:00,0,0 days 00:00:00,0,0 days 00:00:00,0,0 days 00:00:00
CC40.Bin_BRight_Full,1,0 days 00:02:38.229000,0,0 days 00:00:00,1,0 days 00:01:07.048000,1,0 days 00:04:19.398000,0,0 days 00:00:00,0,0 days 00:00:00,1,0 days 00:10:13.697000,1,0 days 00:28:08.528000,1,0 days 00:00:34.081000,0,0 days 00:00:00,1,0 days 00:02:28.195000,1,0 days 00:04:02.245000,1,0 days 00:00:31.038000,0,0 days 00:00:00,2,0 days 00:05:05.434000,1,0 days 00:00:22.044000,1,0 days 00:01:33.139000,0,0 days 00:00:00,0,0 days 00:00:00,0,0 days 00:00:00,0,0 days 00:00:00,0,0 days 00:00:00,0,0 days 00:00:00,0,0 days 00:00:00
CC41.Bin_BLeft_Full,0,0 days 00:00:00,0,0 days 00:00:00,0,0 days 00:00:00,0,0 days 00:00:00,0,0 days 00:00:00,0,0 days 00:00:00,0,0 days 00:00:00,0,0 days 00:00:00,0,0 days 00:00:00,0,0 days 00:00:00,0,0 days 00:00:00,0,0 days 00:00:00,0,0 days 00:00:00,0,0 days 00:00:00,0,0 days 00:00:00,0,0 days 00:00:00,0,0 days 00:00:00,0,0 days 00:00:00,0,0 days 00:00:00,0,0 days 00:00:00,0,0 days 00:00:00,0,0 days 00:00:00,0,0 days 00:00:00,0,0 days 00:00:00
CC41.Bin_BRight_Full,1,0 days 00:08:55.635000,1,0 days 00:01:42.163000,2,0 days 00:04:47.183000,0,0 days 00:00:00,1,0 days 00:03:34.175000,1,0 days 00:17:14.433000,1,0 days 00:06:15.165000,1,0 days 00:27:30.308000,0,0 days 00:00:00,1,0 days 00:01:55.183000,0,0 days 00:00:00,1,0 days 00:00:26.005000,1,0 days 00:01:48.262000,0,0 days 00:00:00,1,0 days 00:01:31.082000,1,0 days 00:18:29.446000,1,0 days 00:00:53.024000,0,0 days 00:00:00,0,0 days 00:00:00,0,0 days 00:00:00,0,0 days 00:00:00,0,0 days 00:00:00,0,0 days 00:00:00,0,0 days 00:00:00
CC42.Bin_BLeft_Full,1,0 days 00:01:55.227000,0,0 days 00:00:00,1,0 days 00:01:24.141000,0,0 days 00:00:00,1,0 days 00:05:11.161000,1,0 days 00:19:39.816000,1,0 days 00:03:39.059000,0,0 days 00:00:00,1,0 days 00:03:48.250000,0,0 days 00:00:00,1,0 days 00:02:19.096000,1,0 days 00:02:06.492000,1,0 days 00:00:32.993000,1,0 days 00:01:47.282000,0,0 days 00:03:53.122000,1,0 days 00:03:22.580000,0,0 days 00:00:00,0,0 days 00:00:00,0,0 days 00:00:00,0,0 days 00:00:00,0,0 days 00:00:00,0,0 days 00:00:00,0,0 days 00:00:00,0,0 days 00:00:00
CC42.Bin_BRight_Full,0,0 days 00:00:00,1,0 days 00:02:26.247000,1,0 days 00:01:15.153000,0,0 days 00:00:00,1,0 days 00:00:33.011000,0,0 days 00:00:00,1,0 days 00:05:26.367000,1,0 days 00:28:02.854000,1,0 days 00:01:41.136000,0,0 days 00:00:00,1,0 days 00:03:39.278000,1,0 days 00:01:01.092000,0,0 days 00:00:00,1,0 days 00:00:59.069000,0,0 days 00:00:00,1,0 days 00:00:14,1,0 days 00:01:14.119000,0,0 days 00:00:00,0,0 days 00:00:00,0,0 days 00:00:00,0,0 days 00:00:00,0,0 days 00:00:00,0,0 days 00:00:00,0,0 days 00:00:00
CC43.Bin_BLeft_Full,0,0 days 00:00:00,0,0 days 00:00:00,0,0 days 00:00:00,0,0 days 00:00:00,0,0 days 00:00:00,0,0 days 00:00:00,0,0 days 00:00:00,0,0 days 00:00:00,0,0 days 00:00:00,0,0 days 00:00:00,0,0 days 00:00:00,0,0 days 00:00:00,0,0 days 00:00:00,0,0 days 00:00:00,0,0 days 00:00:00,0,0 days 00:00:00,0,0 days 00:00:00,0,0 days 00:00:00,0,0 days 00:00:00,0,0 days 00:00:00,0,0 days 00:00:00,0,0 days 00:00:00,0,0 days 00:00:00,0,0 days 00:00:00
CC43.Bin_BRight_Full,0,0 days 00:00:00,1,0 days 00:00:33.021000,1,0 days 00:01:15.057000,0,0 days 00:00:00,1,0 days 00:03:59.307000,1,0 days 00:21:36.581000,1,0 days 00:05:09.494000,1,0 days 00:32:38.243000,0,0 days 00:00:00,1,0 days 00:01:26.079000,1,0 days 00:00:56.050000,0,0 days 00:00:00,1,0 days 00:04:51.559000,0,0 days 00:00:00,1,0 days 00:02:44.142000,0,0 days 00:00:00,0,0 days 00:00:00,0,0 days 00:00:00,0,0 days 00:00:00,0,0 days 00:00:00,0,0 days 00:00:00,0,0 days 00:00:00,0,0 days 00:00:00,0,0 days 00:00:00
CC44.Bin_BLeft_Full,1,0 days 00:01:20.170000,0,0 days 00:00:00,1,0 days 00:02:36.139000,0,0 days 00:00:00,1,0 days 00:00:21.788000,0,0 days 00:00:48.308000,1,0 days 00:01:20.120000,1,0 days 00:22:52.352000,0,0 days 00:00:36.071000,1,0 days 00:01:12.855000,0,0 days 00:00:49.450000,1,0 days 00:03:40.356000,1,0 days 00:02:11.122000,1,0 days 00:01:05.456999999,1,0 days 00:01:11.084000,1,0 days 00:01:30.114000,0,0 days 00:00:00,0,0 days 00:00:00,0,0 days 00:00:00,0,0 days 00:00:00,0,0 days 00:00:00,0,0 days 00:00:00,0,0 days 00:00:00,0,0 days 00:00:00
CC44.Bin_BRight_Full,1,0 days 00:02:25.969000,1,0 days 00:00:51.053000,0,0 days 00:00:00,1,0 days 00:01:14.064000,0,0 days 00:00:00,1,0 days 00:17:34.486000,0,0 days 00:04:56.428000,1,0 days 00:03:54.312000,1,0 days 00:02:35.289000,0,0 days 00:00:00,1,0 days 00:02:38.252000,1,0 days 00:00:55.051000,1,0 days 00:01:24.122000,0,0 days 00:00:00,0,0 days 00:00:00,0,0 days 00:00:00,1,0 days 00:02:45.156000,0,0 days 00:00:00,0,0 days 00:00:00,0,0 days 00:00:00,0,0 days 00:00:00,0,0 days 00:00:00,0,0 days 00:00:00,0,0 days 00:00:00
CC45.Bin_BLeft_Full,0,0 days 00:00:00,0,0 days 00:00:00,0,0 days 00:00:00,0,0 days 00:00:00,0,0 days 00:00:00,0,0 days 00:00:00,0,0 days 00:00:00,0,0 days 00:00:00,0,0 days 00:00:00,0,0 days 00:00:00,0,0 days 00:00:00,0,0 days 00:00:00,0,0 days 00:00:00,0,0 days 00:00:00,0,0 days 00:00:00,0,0 days 00:00:00,0,0 days 00:00:00,0,0 days 00:00:00,0,0 days 00:00:00,0,0 days 00:00:00,0,0 days 00:00:00,0,0 days 00:00:00,0,0 days 00:00:00,0,0 days 00:00:00
CC45.Bin_BRight_Full,0,0 days 00:00:00,0,0 days 00:00:00,0,0 days 00:00:00,0,0 days 00:00:00,0,0 days 00:00:00,0,0 days 00:00:00,1,0 days 00:05:08.590000,0,0 days 00:00:00,0,0 days 00:00:00,0,0 days 00:00:00,0,0 days 00:00:00,0,0 days 00:00:00,1,0 days 00:01:26.214000,1,0 days 00:02:51.373000,1,0 days 00:02:40.200000,0,0 days 00:00:00,0,0 days 00:00:00,0,0 days 00:00:00,0,0 days 00:00:00,0,0 days 00:00:00,0,0 days 00:00:00,0,0 days 00:00:00,0,0 days 00:00:00,0,0 days 00:00:00
CC46.Bin_BLeft_Full,0,0 days 00:00:00,0,0 days 00:00:00,1,0 days 00:01:16.238000,0,0 days 00:00:00,1,0 days 00:03:52.495000,0,0 days 00:00:00,1,0 days 00:03:53.289000,1,0 days 00:29:28.779000,1,0 days 00:03:40.390000,0,0 days 00:00:00,1,0 days 00:01:44.234000,1,0 days 00:00:28.051000,1,0 days 00:04:58.304000,1,0 days 00:01:40.790000,0,0 days 00:02:39.647000,1,0 days 00:00:53.023000,1,0 days 00:03:04.239000,0,0 days 00:00:00,0,0 days 00:00:00,0,0 days 00:00:00,0,0 days 00:00:00,0,0 days 00:00:00,0,0 days 00:00:00,0,0 days 00:00:00
CC46.Bin_BRight_Full,1,0 days 00:05:25.336000,0,0 days 00:00:00,0,0 days 00:00:00,1,0 days 00:03:21.423000,0,0 days 00:00:00,1,0 days 00:02:23.160000,1,0 days 00:05:06.772000,0,0 days 00:19:02.333000,1,0 days 00:06:09.556000,1,0 days 00:00:04.001000,1,0 days 00:01:15.096000,0,0 days 00:00:00,1,0 days 00:01:18.155000,1,0 days 00:01:39.054000,1,0 days 00:01:25.093000,1,0 days 00:13:12.089000,1,0 days 00:00:46.038000,0,0 days 00:00:00,0,0 days 00:00:00,0,0 days 00:00:00,0,0 days 00:00:00,0,0 days 00:00:00,0,0 days 00:00:00,0,0 days 00:00:00
CC47.Bin_BLeft_Full,0,0 days 00:00:00,0,0 days 00:00:00,0,0 days 00:00:00,0,0 days 00:00:00,0,0 days 00:00:00,0,0 days 00:00:00,0,0 days 00:00:00,0,0 days 00:00:00,0,0 days 00:00:00,0,0 days 00:00:00,0,0 days 00:00:00,0,0 days 00:00:00,0,0 days 00:00:00,0,0 days 00:00:00,0,0 days 00:00:00,0,0 days 00:00:00,0,0 days 00:00:00,0,0 days 00:00:00,0,0 days 00:00:00,0,0 days 00:00:00,0,0 days 00:00:00,0,0 days 00:00:00,0,0 days 00:00:00,0,0 days 00:00:00
CC47.Bin_BRight_Full,0,0 days 00:00:00,0,0 days 00:00:00,0,0 days 00:00:00,0,0 days 00:00:00,0,0 days 00:00:00,0,0 days 00:00:00,0,0 days 00:00:00,0,0 days 00:00:00,0,0 days 00:00:00,0,0 days 00:00:00,1,0 days 00:01:51.305000,0,0 days 00:00:00,0,0 days 00:00:00,1,0 days 00:02:29.462000,1,0 days 00:02:20.140000,0,0 days 00:00:00,0,0 days 00:00:00,0,0 days 00:00:00,0,0 days 00:00:00,0,0 days 00:00:00,0,0 days 00:00:00,0,0 days 00:00:00,0,0 days 00:00:00,0,0 days 00:00:00
CC48.Bin_BLeft_Full,0,0 days 00:00:00,1,0 days 00:03:25.188000,1,0 days 00:03:30.273000,0,0 days 00:00:00,0,0 days 00:00:00,0,0 days 00:00:00,1,0 days 00:07:49.816000,1,0 days 00:03:12.212000,1,0 days 00:01:09.144000,0,0 days 00:00:00,1,0 days 00:05:23.466000,1,0 days 00:00:35.072000,2,0 days 00:01:39.108000,1,0 days 00:00:11.004000,1,0 days 00:01:14.111000,0,0 days 00:00:00,1,0 days 00:01:00.096000,0,0 days 00:00:00,0,0 days 00:00:00,0,0 days 00:00:00,0,0 days 00:00:00,0,0 days 00:00:00,0,0 days 00:00:00,0,0 days 00:00:00
CC48.Bin_BRight_Full,1,0 days 00:01:27.202000,0,0 days 00:00:00,0,0 days 00:00:00,1,0 days 00:04:09.566000,0,0 days 00:00:00,1,0 days 00:01:22.091000,0,0 days 00:00:00,1,0 days 00:21:28.975000,0,0 days 00:00:00,1,0 days 00:01:54.073000,0,0 days 00:00:00,1,0 days 00:04:44.198000,2,0 days 00:04:23.579999999,1,0 days 00:01:03.207000,0,0 days 00:00:00,0,0 days 00:00:00,0,0 days 00:00:00,0,0 days 00:00:00,0,0 days 00:00:00,0,0 days 00:00:00,0,0 days 00:00:00,0,0 days 00:00:00,0,0 days 00:00:00,0,0 days 00:00:00
CC49.Bin_BLeft_Full,0,0 days 00:00:00,0,0 days 00:00:00,0,0 days 00:00:00,0,0 days 00:00:00,0,0 days 00:00:00,0,0 days 00:00:00,0,0 days 00:00:00,0,0 days 00:00:00,0,0 days 00:00:00,0,0 days 00:00:00,0,0 days 00:00:00,0,0 days 00:00:00,0,0 days 00:00:00,0,0 days 00:00:00,0,0 days 00:00:00,0,0 days 00:00:00,0,0 days 00:00:00,0,0 days 00:00:00,0,0 days 00:00:00,0,0 days 00:00:00,0,0 days 00:00:00,0,0 days 00:00:00,0,0 days 00:00:00,0,0 days 00:00:00
CC49.Bin_BRight_Full,1,0 days 00:01:06.147000,1,0 days 00:01:05.001999999,0,0 days 00:00:00,1,0 days 00:01:29.093000,2,0 days 00:06:03.216000,0,0 days 00:00:00,2,0 days 00:03:23.121000,1,0 days 00:28:15.912000,1,0 days 00:13:44.594000,2,0 days 00:05:40.267000,1,0 days 00:02:23.278000,1,0 days 00:00:36.087000,1,0 days 00:01:33.166000,0,0 days 00:00:00,0,0 days 00:00:00,1,0 days 00:03:55.257000,1,0 days 00:01:43.046000,0,0 days 00:00:00,0,0 days 00:00:00,0,0 days 00:00:00,0,0 days 00:00:00,0,0 days 00:00:00,0,0 days 00:00:00,0,0 days 00:00:00
CC50.Bin_BLeft_Full,0,0 days 00:00:00,3,0 days 00:06:24.590000,3,0 days 00:05:02.267000,3,0 days 00:03:34.407000,3,0 days 00:03:53.143000,1,0 days 00:07:10.500000,3,0 days 00:07:17.774000,3,0 days 00:54:05.385000,3,0 days 00:18:09.245000,2,0 days 00:03:58.165000,2,0 days 00:10:13.840999999,2,0 days 00:04:22.392000,1,0 days 00:00:31.008000,2,0 days 00:02:22.156000,1,0 days 00:02:24.299000,1,0 days 00:18:23.764000,3,0 days 00:05:24.361999999,0,0 days 00:00:00,0,0 days 00:00:00,0,0 days 00:00:00,0,0 days 00:00:00,0,0 days 00:00:00,0,0 days 00:00:00,0,0 days 00:00:00
CC50.Bin_BRight_Full,1,0 days 00:01:12.101000,3,0 days 00:04:30.616000,2,0 days 00:04:33.244000,3,0 days 00:02:48.123000,2,0 days 00:05:34.349999999,2,0 days 00:03:28.168000,3,0 days 00:11:46.737000,3,0 days 00:39:11.914000,2,0 days 00:19:18.306000,3,0 days 00:04:31.270999999,3,0 days 00:02:59.167000,2,0 days 00:02:40.268000,2,0 days 00:03:31.204000,2,0 days 00:10:48.752000,1,0 days 00:00:40.996000,3,0 days 00:05:36.368000,3,0 days 00:04:55.286000,0,0 days 00:00:00,0,0 days 00:00:00,0,0 days 00:00:00,0,0 days 00:00:00,0,0 days 00:00:00,0,0 days 00:00:00,0,0 days 00:00:00
CC51.Bin_BLeft_Full,0,0 days 00:00:00,0,0 days 00:00:00,0,0 days 00:00:00,0,0 days 00:00:00,0,0 days 00:00:00,0,0 days 00:00:00,0,0 days 00:00:00,0,0 days 00:00:00,0,0 days 00:00:00,0,0 days 00:00:00,0,0 days 00:00:00,0,0 days 00:00:00,0,0 days 00:00:00,0,0 days 00:00:00,0,0 days 00:00:00,0,0 days 00:00:00,0,0 days 00:00:00,0,0 days 00:00:00,0,0 days 00:00:00,0,0 days 00:00:00,0,0 days 00:00:00,0,0 days 00:00:00,0,0 days 00:00:00,0,0 days 00:00:00
CC51.Bin_BRight_Full,0,0 days 00:00:00,1,0 days 00:05:52.185000,1,0 days 00:01:40.062000,1,0 days 00:01:30.034000,3,0 days 00:04:17.665000,1,0 days 00:06:59.110000,1,0 days 00:03:50.452000,1,0 days 00:09:26.666000,1,0 days 00:01:25.061000,2,0 days 00:05:51.318999999,2,0 days 00:00:37.981000,0,0 days 00:00:00,0,0 days 00:00:00,2,0 days 00:04:03.303999999,1,0 days 00:01:49.037000,1,0 days 00:03:08.158000,2,0 days 00:10:30.889000,0,0 days 00:00:00,0,0 days 00:00:00,0,0 days 00:00:00,0,0 days 00:00:00,0,0 days 00:00:00,0,0 days 00:00:00,0,0 days 00:00:00
CC52.Bin_BLeft_Full,1,0 days 00:03:03.904000,3,0 days 00:10:36.382999999,3,0 days 00:04:18.449000,1,0 days 00:04:06.252000,4,0 days 00:05:02.245000,2,0 days 00:20:37.955000,2,0 days 00:07:17.527000,2,0 days 00:47:18.084000,3,0 days 00:27:29.958999999,1,0 days 00:03:46.307000,2,0 days 00:05:02.296000,2,0 days 00:03:10.279000,1,0 days 00:00:30.046000,3,0 days 00:06:20.724000,2,0 days 00:02:25.676000,2,0 days 00:12:19.135000,2,0 days 00:03:14.124000,0,0 days 00:00:00,0,0 days 00:00:00,0,0 days 00:00:00,0,0 days 00:00:00,0,0 days 00:00:00,0,0 days 00:00:00,0,0 days 00:00:00
CC52.Bin_BRight_Full,0,0 days 00:00:00,3,0 days 00:03:50.246000,4,0 days 00:05:48.563000,2,0 days 00:02:27.221999999,3,0 days 00:07:47.650000,2,0 days 00:03:15.262000,3,0 days 00:23:17.937000,2,0 days 00:33:19.846000,3,0 days 00:26:48.896000,2,0 days 00:07:18.587000,3,0 days 00:01:59.122000,2,0 days 00:01:49.329999999,2,0 days 00:02:15.413999999,3,0 days 00:12:13.757000,2,0 days 00:06:20.524000,3,0 days 00:25:30.911999999,2,0 days 00:04:24.284999999,0,0 days 00:00:00,0,0 days 00:00:00,0,0 days 00:00:00,0,0 days 00:00:00,0,0 days 00:00:00,0,0 days 00:00:00,0,0 days 00:00:00
CC53.Bin_BLeft_Full,0,0 days 00:00:00,0,0 days 00:00:00,0,0 days 00:00:00,0,0 days 00:00:00,0,0 days 00:00:00,0,0 days 00:00:00,0,0 days 00:00:00,0,0 days 00:00:00,0,0 days 00:00:00,0,0 days 00:00:00,0,0 days 00:00:00,0,0 days 00:00:00,0,0 days 00:00:00,0,0 days 00:00:00,0,0 days 00:00:00,0,0 days 00:00:00,0,0 days 00:00:00,0,0 days 00:00:00,0,0 days 00:00:00,0,0 days 00:00:00,0,0 days 00:00:00,0,0 days 00:00:00,0,0 days 00:00:00,0,0 days 00:00:00
CC53.Bin_BRight_Full,1,0 days 00:00:46.093000,3,0 days 00:07:04.573999999,2,0 days 00:03:33.337000,2,0 days 00:01:51.099000,3,0 days 00:07:36.628000,3,0 days 00:07:12.973000,2,0 days 00:09:25.473000,2,0 days 00:20:22.668999999,2,0 days 00:25:41.455000,4,0 days 00:04:17.152000,3,0 days 00:02:59.345000,1,0 days 00:03:45.264000,2,0 days 00:02:15.315000,2,0 days 00:03:07.264000,2,0 days 00:10:43.126000,1,0 days 00:06:03.409000,3,0 days 00:06:16.417000,0,0 days 00:00:00,0,0 days 00:00:00,0,0 days 00:00:00,0,0 days 00:00:00,0,0 days 00:00:00,0,0 days 00:00:00,0,0 days 00:00:00
CC54.Bin_BLeft_Full,1,0 days 00:01:42.157000,2,0 days 00:02:00.433000,1,0 days 00:00:39.024000,1,0 days 00:02:01.082000,3,0 days 00:09:26.894000,1,0 days 00:00:41.025000,2,0 days 00:19:56.739000,1,0 days 00:07:18.564000,2,0 days 00:03:23.152000,1,0 days 00:01:49.161000,2,0 days 00:03:59.215000,1,0 days 00:08:38.539000,2,0 days 00:03:01.203000,1,0 days 00:01:12.998000,1,0 days 00:01:46.140000,1,0 days 00:03:50.487000,2,0 days 00:04:23.332000,0,0 days 00:00:00,0,0 days 00:00:00,0,0 days 00:00:00,0,0 days 00:00:00,0,0 days 00:00:00,0,0 days 00:00:00,0,0 days 00:00:00
CC54.Bin_BRight_Full,0,0 days 00:00:00,2,0 days 00:02:17.085999999,1,0 days 00:02:46.254000,2,0 days 00:02:28.165000,2,0 days 00:10:34.800000,2,0 days 00:04:26.318999999,1,0 days 00:06:34.433000,1,0 days 00:11:56.881000,2,0 days 00:06:17.562000,2,0 days 00:04:46.243000,3,0 days 00:07:43.623000,1,0 days 00:01:28.194000,1,0 days 00:01:05.197000,3,0 days 00:07:07.521999999,0,0 days 00:00:00,2,0 days 00:11:17.637000,2,0 days 00:02:26.151000,0,0 days 00:00:00,0,0 days 00:00:00,0,0 days 00:00:00,0,0 days 00:00:00,0,0 days 00:00:00,0,0 days 00:00:00,0,0 days 00:00:00
CC55.Bin_BLeft_Full,0,0 days 00:00:00,0,0 days 00:00:00,0,0 days 00:00:00,0,0 days 00:00:00,0,0 days 00:00:00,0,0 days 00:00:00,0,0 days 00:00:00,0,0 days 00:00:00,0,0 days 00:00:00,0,0 days 00:00:00,0,0 days 00:00:00,0,0 days 00:00:00,0,0 days 00:00:00,0,0 days 00:00:00,0,0 days 00:00:00,0,0 days 00:00:00,0,0 days 00:00:00,0,0 days 00:00:00,0,0 days 00:00:00,0,0 days 00:00:00,0,0 days 00:00:00,0,0 days 00:00:00,0,0 days 00:00:00,0,0 days 00:00:00
CC55.Bin_BRight_Full,1,0 days 00:01:39.143000,2,0 days 00:02:44.460000,2,0 days 00:07:22.654000,1,0 days 00:03:59.126000,3,0 days 00:08:03.435000,0,0 days 00:00:00,1,0 days 00:12:18.702000,3,0 days 00:24:02.877000,2,0 days 00:19:59.535999999,3,0 days 00:05:26.396000,2,0 days 00:03:22.176000,1,0 days 00:02:52.163000,1,0 days 00:00:22.014000,3,0 days 00:07:12.044999999,1,0 days 00:01:50.447000,2,0 days 00:14:04.044000,3,0 days 00:05:40.364000,0,0 days 00:00:00,0,0 days 00:00:00,0,0 days 00:00:00,0,0 days 00:00:00,0,0 days 00:00:00,0,0 days 00:00:00,0,0 days 00:00:00
CC56.Bin_BLeft_Full,1,0 days 00:06:50.591000,3,0 days 00:07:52.401000,3,0 days 00:05:06.511000,3,0 days 00:03:29.147000,2,0 days 00:09:57.627999999,3,0 days 00:12:10.274000,3,0 days 00:17:52.045000,3,0 days 00:30:06.904000,2,0 days 00:15:47.723000,5,0 days 00:09:37.718999999,3,0 days 00:02:16.077000,3,0 days 00:05:36.251999999,1,0 days 00:01:03.447000,2,0 days 00:08:14.258000,2,0 days 00:02:46.387000,3,0 days 00:08:48.112000,3,0 days 00:08:30.439999999,0,0 days 00:00:00,0,0 days 00:00:00,0,0 days 00:00:00,0,0 days 00:00:00,0,0 days 00:00:00,0,0 days 00:00:00,0,0 days 00:00:00
CC56.Bin_BRight_Full,0,0 days 00:00:00,4,0 days 00:05:55.449000,2,0 days 00:02:07.296000,3,0 days 00:06:34.633000,4,0 days 00:17:18.146000,2,0 days 00:09:21.211000,3,0 days 00:08:44.803000,3,0 days 00:24:12.902000,3,0 days 00:07:34.606000,4,0 days 00:08:07.522000,3,0 days 00:03:30.163000,3,0 days 00:07:14.568000,2,0 days 00:07:20.439000,2,0 days 00:05:37.571000,2,0 days 00:06:31.423000,2,0 days 00:12:20.175999999,3,0 days 00:06:25.328999999,0,0 days 00:00:00,0,0 days 00:00:00,0,0 days 00:00:00,0,0 days 00:00:00,0,0 days 00:00:00,0,0 days 00:00:00,0,0 days 00:00:00
CC57.Bin_BLeft_Full,0,0 days 00:00:00,0,0 days 00:00:00,0,0 days 00:00:00,0,0 days 00:00:00,0,0 days 00:00:00,0,0 days 00:00:00,0,0 days 00:00:00,0,0 days 00:00:00,0,0 days 00:00:00,0,0 days 00:00:00,0,0 days 00:00:00,0,0 days 00:00:00,0,0 days 00:00:00,0,0 days 00:00:00,0,0 days 00:00:00,0,0 days 00:00:00,0,0 days 00:00:00,0,0 days 00:00:00,0,0 days 00:00:00,0,0 days 00:00:00,0,0 days 00:00:00,0,0 days 00:00:00,0,0 days 00:00:00,0,0 days 00:00:00
CC57.Bin_BRight_Full,1,0 days 00:01:10.785000,2,0 days 00:05:32.616000,3,0 days 00:06:54.671000,3,0 days 00:07:16.907000,1,0 days 00:01:56.129000,3,0 days 00:14:02.973999999,2,0 days 00:03:45.255999999,2,0 days 00:22:44.992000,2,0 days 00:07:20.541000,3,0 days 00:04:03.179000,2,0 days 00:02:27.222000,3,0 days 00:08:09.828999999,1,0 days 00:01:04.058000,2,0 days 00:02:50.724000,0,0 days 00:00:28.990000,1,0 days 00:00:53.093000,2,0 days 00:03:58.209999999,0,0 days 00:00:00,0,0 days 00:00:00,0,0 days 00:00:00,0,0 days 00:00:00,0,0 days 00:00:00,0,0 days 00:00:00,0,0 days 00:00:00
CC58.Bin_BLeft_Full,1,0 days 00:03:51.423000,4,0 days 00:05:13.390000,4,0 days 00:02:26.136999999,3,0 days 00:05:32.768000,2,0 days 00:12:09.282000,3,0 days 00:12:58.943000,3,0 days 00:13:14.722000,4,0 days 00:22:35.571000,2,0 days 00:04:20.327000,5,0 days 00:08:02.361000,2,0 days 00:16:39.252000,3,0 days 00:10:22.992000,2,0 days 00:02:14.251000,2,0 days 00:03:38.569000,1,0 days 00:03:31.338000,2,0 days 00:13:03.864000,3,0 days 00:04:10.169000,0,0 days 00:00:00,0,0 days 00:00:00,0,0 days 00:00:00,0,0 days 00:00:00,0,0 days 00:00:00,0,0 days 00:00:00,0,0 days 00:00:00
CC58.Bin_BRight_Full,1,0 days 00:00:50.279000,4,0 days 00:05:33.280000,2,0 days 00:02:07.137999999,3,0 days 00:03:44.304999999,4,0 days 00:07:21.606000,1,0 days 00:17:58.378999999,3,0 days 00:15:15.707000,1,0 days 00:22:55.182000,4,0 days 00:12:53.266000,4,0 days 00:06:31.440000,3,0 days 00:03:52.362000,2,0 days 00:04:31.796999999,1,0 days 00:02:38.448000,2,0 days 00:08:18.759000,2,0 days 00:13:06.317000,2,0 days 00:10:43.558000,3,0 days 00:01:43.168000,0,0 days 00:00:00,0,0 days 00:00:00,0,0 days 00:00:00,0,0 days 00:00:00,0,0 days 00:00:00,0,0 days 00:00:00,0,0 days 00:00:00
CC59.Bin_BLeft_Full,0,0 days 00:00:00,0,0 days 00:00:00,0,0 days 00:00:00,0,0 days 00:00:00,0,0 days 00:00:00,0,0 days 00:00:00,0,0 days 00:00:00,0,0 days 00:00:00,0,0 days 00:00:00,0,0 days 00:00:00,0,0 days 00:00:00,0,0 days 00:00:00,0,0 days 00:00:00,0,0 days 00:00:00,0,0 days 00:00:00,0,0 days 00:00:00,0,0 days 00:00:00,0,0 days 00:00:00,0,0 days 00:00:00,0,0 days 00:00:00,0,0 days 00:00:00,0,0 days 00:00:00,0,0 days 00:00:00,0,0 days 00:00:00
CC59.Bin_BRight_Full,0,0 days 00:00:00,4,0 days 00:05:47.467999999,1,0 days 00:01:39.271000,3,0 days 00:09:08.772000,3,0 days 00:08:58.627999999,2,0 days 00:14:48.201000,3,0 days 00:09:21.530000,4,0 days 00:25:46.543999999,3,0 days 00:21:51.357000,3,0 days 00:03:54.053000,4,0 days 00:05:04.811000,2,0 days 00:01:37.669000,2,0 days 00:02:01.228000,2,0 days 00:07:18.797000,0,0 days 00:00:00,3,0 days 00:07:16.624000,3,0 days 00:03:37.262000,0,0 days 00:00:00,0,0 days 00:00:00,0,0 days 00:00:00,0,0 days 00:00:00,0,0 days 00:00:00,0,0 days 00:00:00,0,0 days 00:00:00
CC60.Bin_BLeft_Full,1,0 days 00:03:45.341000,3,0 days 00:02:54.177000,3,0 days 00:04:21.231000,3,0 days 00:06:08.671999999,4,0 days 00:15:24.663000,3,0 days 00:09:05.520000,3,0 days 00:20:40.814000,3,0 days 00:22:53.268000,2,0 days 00:14:07.894000,3,0 days 00:06:53.460000,3,0 days 00:06:07.373000,2,0 days 00:08:16.567000,3,0 days 00:09:21.795000,2,0 days 00:18:33.424000,2,0 days 00:05:01.524000,3,0 days 00:10:13.017000,3,0 days 00:04:48.205000,0,0 days 00:00:00,0,0 days 00:00:00,0,0 days 00:00:00,0,0 days 00:00:00,0,0 days 00:00:00,0,0 days 00:00:00,0,0 days 00:00:00
CC60.Bin_BRight_Full,0,0 days 00:00:00,4,0 days 00:10:41.079000,3,0 days 00:14:05.351000,3,0 days 00:13:08.235000,4,0 days 00:07:06.245000,4,0 days 00:13:43.957000,4,0 days 00:14:16.766000,2,0 days 00:18:37.286000,4,0 days 00:21:44.379000,4,0 days 00:06:29.549000,3,0 days 00:09:08.763000,2,0 days 00:03:58.599000,2,0 days 00:01:30.217000,3,0 days 00:07:07.174000,2,0 days 00:11:51.015000,2,0 days 00:08:56.592999999,3,0 days 00:07:45.630000,0,0 days 00:00:00,0,0 days 00:00:00,0,0 days 00:00:00,0,0 days 00:00:00,0,0 days 00:00:00,0,0 days 00:00:00,0,0 days 00:00:00
CC61.Bin_BLeft_Full,0,0 days 00:00:00,0,0 days 00:00:00,0,0 days 00:00:00,0,0 days 00:00:00,0,0 days 00:00:00,0,0 days 00:00:00,0,0 days 00:00:00,0,0 days 00:00:00,0,0 days 00:00:00,0,0 days 00:00:00,0,0 days 00:00:00,0,0 days 00:00:00,0,0 days 00:00:00,0,0 days 00:00:00,0,0 days 00:00:00,0,0 days 00:00:00,0,0 days 00:00:00,0,0 days 00:00:00,0,0 days 00:00:00,0,0 days 00:00:00,0,0 days 00:00:00,0,0 days 00:00:00,0,0 days 00:00:00,0,0 days 00:00:00
CC61.Bin_BRight_Full,1,0 days 00:02:40.409000,1,0 days 00:00:59.027000,1,0 days 00:03:20.383000,2,0 days 00:01:54.265999999,2,0 days 00:06:34.608000,2,0 days 00:19:00.571000,2,0 days 00:05:12.612000,0,0 days 00:00:00,2,0 days 00:17:11.372000,1,0 days 00:04:07.248000,3,0 days 00:08:18.659000,1,0 days 00:01:25.069000,2,0 days 00:09:44.783000,2,0 days 00:03:48.965000,1,0 days 00:04:50.705000,2,0 days 00:04:00.438000,3,0 days 00:05:20.212000,0,0 days 00:00:00,0,0 days 00:00:00,0,0 days 00:00:00,0,0 days 00:00:00,0,0 days 00:00:00,0,0 days 00:00:00,0,0 days 00:00:00
CC62.Bin_BLeft_Full,1,0 days 00:03:22.289000,5,0 days 00:06:41.584999999,3,0 days 00:03:46.393000,5,0 days 00:12:33.159000,5,0 days 00:09:28.483000,3,0 days 00:13:07.438000,3,0 days 00:13:14.821000,2,0 days 00:28:09.945000,4,0 days 00:11:04.746000,4,0 days 00:08:23.055000,3,0 days 00:07:51.195000,2,0 days 00:06:34.760000,3,0 days 00:11:49.163000,3,0 days 00:05:52.395000,2,0 days 00:16:31.472000,4,0 days 00:06:44.437000,4,0 days 00:08:58.646000,0,0 days 00:00:00,0,0 days 00:00:00,0,0 days 00:00:00,0,0 days 00:00:00,0,0 days 00:00:00,0,0 days 00:00:00,0,0 days 00:00:00
CC62.Bin_BRight_Full,1,0 days 00:02:55.145000,4,0 days 00:05:07.168000,3,0 days 00:06:08.416000,4,0 days 00:06:00.807000,4,0 days 00:12:59.512000,3,0 days 00:04:52.605000,3,0 days 00:14:43.271000,4,0 days 00:20:52.993000,4,0 days 00:08:15.575000,3,0 days 00:04:33.301000,4,0 days 00:09:44.669000,1,0 days 00:18:48.598000,2,0 days 00:11:01.279000,2,0 days 00:07:05.854000,3,0 days 00:08:26.568999999,3,0 days 00:19:40.573000,4,0 days 00:12:08.564000,0,0 days 00:00:00,0,0 days 00:00:00,0,0 days 00:00:00,0,0 days 00:00:00,0,0 days 00:00:00,0,0 days 00:00:00,0,0 days 00:00:00
CC63.Bin_BLeft_Full,0,0 days 00:00:00,0,0 days 00:00:00,0,0 days 00:00:00,0,0 days 00:00:00,0,0 days 00:00:00,0,0 days 00:00:00,0,0 days 00:00:00,0,0 days 00:00:00,0,0 days 00:00:00,0,0 days 00:00:00,0,0 days 00:00:00,0,0 days 00:00:00,0,0 days 00:00:00,0,0 days 00:00:00,0,0 days 00:00:00,0,0 days 00:00:00,0,0 days 00:00:00,0,0 days 00:00:00,0,0 days 00:00:00,0,0 days 00:00:00,0,0 days 00:00:00,0,0 days 00:00:00,0,0 days 00:00:00,0,0 days 00:00:00
CC63.Bin_BRight_Full,2,0 days 00:02:15.189000,5,0 days 00:04:05.101000,2,0 days 00:07:18.245000,4,0 days 00:09:21.175000,5,0 days 00:10:52.106000,3,0 days 00:28:07.046000,4,0 days 00:11:34.207000,4,0 days 00:25:46.975000,3,0 days 00:10:09.678000,5,0 days 00:18:25.080000,5,0 days 00:08:40.681000,4,0 days 00:07:30.556000,2,0 days 00:03:30.176000,3,0 days 00:04:55.477000,2,0 days 00:05:43.288000,3,0 days 00:14:57.595000,4,0 days 00:07:19.600000,0,0 days 00:00:00,0,0 days 00:00:00,0,0 days 00:00:00,0,0 days 00:00:00,0,0 days 00:00:00,0,0 days 00:00:00,0,0 days 00:00:00
CC64.Bin_BLeft_Full,1,0 days 00:02:14.107000,4,0 days 00:04:40.446000,2,0 days 00:04:30.188000,3,0 days 00:05:39.960000,3,0 days 00:06:43.536000,2,0 days 00:12:21.881000,3,0 days 00:11:40.912000,4,0 days 00:13:51.153000,2,0 days 00:02:15.201000,6,0 days 00:17:34.164000,3,0 days 00:06:50.686000,3,0 days 00:10:04.833000,2,0 days 00:01:35.138000,2,0 days 00:11:25.092000,2,0 days 00:07:34.799000,3,0 days 00:09:49.615000,3,0 days 00:08:24.615000,0,0 days 00:00:00,0,0 days 00:00:00,0,0 days 00:00:00,0,0 days 00:00:00,0,0 days 00:00:00,0,0 days 00:00:00,0,0 days 00:00:00
CC64.Bin_BRight_Full,1,0 days 00:02:15.131000,4,0 days 00:03:55.221999999,3,0 days 00:11:39.870000,3,0 days 00:05:50.349999999,3,0 days 00:05:15.183000,3,0 days 00:12:25.546000,3,0 days 00:11:40.843000,4,0 days 00:16:23.516000,3,0 days 00:05:10.341000,5,0 days 00:12:25.786000,5,0 days 00:08:05.384000,2,0 days 00:05:20.286000,2,0 days 00:08:44.063000,2,0 days 00:08:30.678000,2,0 days 00:07:06.118000,3,0 days 00:31:18.589000,3,0 days 00:04:10.254000,0,0 days 00:00:00,0,0 days 00:00:00,0,0 days 00:00:00,0,0 days 00:00:00,0,0 days 00:00:00,0,0 days 00:00:00,0,0 days 00:00:00
CC65.Bin_BLeft_Full,0,0 days 00:00:00,0,0 days 00:00:00,0,0 days 00:00:00,0,0 days 00:00:00,0,0 days 00:00:00,0,0 days 00:00:00,0,0 days 00:00:00,0,0 days 00:00:00,0,0 days 00:00:00,0,0 days 00:00:00,0,0 days 00:00:00,0,0 days 00:00:00,0,0 days 00:00:00,0,0 days 00:00:00,0,0 days 00:00:00,0,0 days 00:00:00,0,0 days 00:00:00,0,0 days 00:00:00,0,0 days 00:00:00,0,0 days 00:00:00,0,0 days 00:00:00,0,0 days 00:00:00,0,0 days 00:00:00,0,0 days 00:00:00
CC65.Bin_BRight_Full,1,0 days 00:01:29.159000,4,0 days 00:04:19.562000,1,0 days 00:01:35.098000,1,0 days 00:02:45.246000,2,0 days 00:04:02.774000,3,0 days 00:14:26.831000,4,0 days 00:16:55.966999999,2,0 days 00:14:04.475000,3,0 days 00:04:10.855000,5,0 days 00:07:49.897000,4,0 days 00:12:01.153000,3,0 days 00:01:59.115000,3,0 days 00:05:36.176000,3,0 days 00:15:55.791000,4,0 days 00:09:09.218999999,4,0 days 00:18:59.745999999,4,0 days 00:11:41.642000,0,0 days 00:00:00,0,0 days 00:00:00,0,0 days 00:00:00,0,0 days 00:00:00,0,0 days 00:00:00,0,0 days 00:00:00,0,0 days 00:00:00
CC66.Bin_BLeft_Full,0,0 days 00:00:00,3,0 days 00:03:34.247000,2,0 days 00:02:05.058000,1,0 days 00:01:00.031000,3,0 days 00:07:00.795000,3,0 days 00:18:04.983999999,3,0 days 00:11:27.220000,3,0 days 00:26:55.348000,3,0 days 00:08:28.450000,4,0 days 00:19:06.272000,3,0 days 00:04:59.327000,3,0 days 00:03:49.212000,2,0 days 00:08:05.950000,3,0 days 00:19:19.630000,2,0 days 00:13:55.817000,3,0 days 00:17:25.467000,4,0 days 00:09:30.584000,0,0 days 00:00:00,0,0 days 00:00:00,0,0 days 00:00:00,0,0 days 00:00:00,0,0 days 00:00:00,0,0 days 00:00:00,0,0 days 00:00:00
CC66.Bin_BRight_Full,1,0 days 00:01:10.070000,3,0 days 00:02:25.075000,1,0 days 00:01:54.378000,2,0 days 00:02:54.230000,4,0 days 00:10:34.621000,2,0 days 00:08:59.720000,2,0 days 00:01:35.149000,4,0 days 00:33:23.394000,3,0 days 00:07:17.838000,5,0 days 00:11:09.605000,3,0 days 00:05:10.506000,2,0 days 00:05:20.388000,2,0 days 00:14:59.477000,4,0 days 00:17:05.473000,0,0 days 00:00:00,3,0 days 00:27:00.856000,3,0 days 00:15:15.055000,0,0 days 00:00:00,0,0 days 00:00:00,0,0 days 00:00:00,0,0 days 00:00:00,0,0 days 00:00:00,0,0 days 00:00:00,0,0 days 00:00:00
CC67.Bin_BLeft_Full,0,0 days 00:00:00,0,0 days 00:00:00,0,0 days 00:00:00,0,0 days 00:00:00,0,0 days 00:00:00,0,0 days 00:00:00,0,0 days 00:00:00,0,0 days 00:00:00,0,0 days 00:00:00,0,0 days 00:00:00,0,0 days 00:00:00,0,0 days 00:00:00,0,0 days 00:00:00,0,0 days 00:00:00,0,0 days 00:00:00,0,0 days 00:00:00,0,0 days 00:00:00,0,0 days 00:00:00,0,0 days 00:00:00,0,0 days 00:00:00,0,0 days 00:00:00,0,0 days 00:00:00,0,0 days 00:00:00,0,0 days 00:00:00
CC67.Bin_BRight_Full,0,0 days 00:00:00,4,0 days 00:02:50.190999999,4,0 days 00:06:19.377999999,3,0 days 00:07:30.860000,4,0 days 00:05:38.456000,3,0 days 00:11:53.563000,3,0 days 00:04:22.601000,1,0 days 00:03:35.385000,4,0 days 00:13:05.629000,4,0 days 00:11:13.807999999,4,0 days 00:07:35.530000,2,0 days 00:04:49.359000,3,0 days 00:01:31.013000,3,0 days 00:16:09.512000,2,0 days 00:10:20.110000,3,0 days 00:18:03.347000,3,0 days 00:07:41.627000,0,0 days 00:00:00,0,0 days 00:00:00,0,0 days 00:00:00,0,0 days 00:00:00,0,0 days 00:00:00,0,0 days 00:00:00,0,0 days 00:00:00
CC68.Bin_BLeft_Full,1,0 days 00:00:45.104000,4,0 days 00:04:35.204000,4,0 days 00:08:01.718000,2,0 days 00:03:19.224000,5,0 days 00:17:48.268000,2,0 days 00:32:42.920000,4,0 days 00:12:22.108999999,3,0 days 00:36:24.264000,4,0 days 00:14:28.419000,4,0 days 00:09:30.637999999,4,0 days 00:04:20.329999999,3,0 days 00:08:23.614000,2,0 days 00:16:05.344999999,5,0 days 00:29:56.078000,2,0 days 00:09:04.691000,3,0 days 00:27:50.039000,4,0 days 00:10:19.825000,0,0 days 00:00:00,0,0 days 00:00:00,0,0 days 00:00:00,0,0 days 00:00:00,0,0 days 00:00:00,0,0 days 00:00:00,0,0 days 00:00:00
CC68.Bin_BRight_Full,1,0 days 00:00:47.124000,4,0 days 00:04:42.467000,2,0 days 00:04:00.199000,4,0 days 00:10:14.752999999,4,0 days 00:09:56.572000,4,0 days 00:13:45.954000,3,0 days 00:10:45.151000,4,0 days 00:31:47.554000,4,0 days 00:10:44.944000,4,0 days 00:17:50.172000,4,0 days 00:06:09.342999999,3,0 days 00:18:16.324000,3,0 days 00:05:01.403000,3,0 days 00:13:48.889000,2,0 days 00:08:04.693999999,4,0 days 00:35:20.018999999,3,0 days 00:12:41.202000,0,0 days 00:00:00,0,0 days 00:00:00,0,0 days 00:00:00,0,0 days 00:00:00,0,0 days 00:00:00,0,0 days 00:00:00,0,0 days 00:00:00
CC69.Bin_BLeft_Full,0,0 days 00:00:00,0,0 days 00:00:00,0,0 days 00:00:00,0,0 days 00:00:00,0,0 days 00:00:00,0,0 days 00:00:00,0,0 days 00:00:00,0,0 days 00:00:00,0,0 days 00:00:00,0,0 days 00:00:00,0,0 days 00:00:00,0,0 days 00:00:00,0,0 days 00:00:00,0,0 days 00:00:00,0,0 days 00:00:00,0,0 days 00:00:00,0,0 days 00:00:00,0,0 days 00:00:00,0,0 days 00:00:00,0,0 days 00:00:00,0,0 days 00:00:00,0,0 days 00:00:00,0,0 days 00:00:00,0,0 days 00:00:00
CC69.Bin_BRight_Full,2,0 days 00:02:00.103000,3,0 days 00:03:50.178999999,4,0 days 00:06:59.508000,4,0 days 00:11:20.865000,5,0 days 00:26:02.446000,4,0 days 00:14:10.813000,3,0 days 00:08:38.468999999,3,0 days 00:21:31.172000,4,0 days 00:09:09.087000,4,0 days 00:15:36.204000,5,0 days 00:10:45.606000,3,0 days 00:09:00.778000,3,0 days 00:07:25.677000,3,0 days 00:27:03.090000,3,0 days 00:05:42.412000,2,0 days 00:40:34.495000,6,0 days 00:30:18.723000,0,0 days 00:00:00,0,0 days 00:00:00,0,0 days 00:00:00,0,0 days 00:00:00,0,0 days 00:00:00,0,0 days 00:00:00,0,0 days 00:00:00
CC70.Bin_BLeft_Full,3,0 days 00:04:02.299000,3,0 days 00:04:13.109000,5,0 days 00:04:00.257000,2,0 days 00:02:35.286999999,4,0 days 00:16:05.500000,2,0 days 00:09:15.500000,3,0 days 00:11:30.135000,3,0 days 00:09:54.963000,1,0 days 00:01:35.214000,4,0 days 00:07:00.399000,3,0 days 00:07:15.606000,5,0 days 00:10:50.179000,1,0 days 00:03:25.261000,4,0 days 00:14:09.009000,4,0 days 00:15:37.390000,2,0 days 00:47:34.158000,5,0 days 00:21:32.431999999,0,0 days 00:00:00,0,0 days 00:00:00,0,0 days 00:00:00,0,0 days 00:00:00,0,0 days 00:00:00,0,0 days 00:00:00,0,0 days 00:00:00
CC70.Bin_BRight_Full,2,0 days 00:04:50.234000,3,0 days 00:02:30.658000,4,0 days 00:07:10.202000,3,0 days 00:09:10.946000,2,0 days 00:04:47.392000,2,0 days 00:15:43.817000,3,0 days 00:09:00.814999999,2,0 days 00:17:46.833999999,4,0 days 00:20:40.332000,4,0 days 00:07:54.537000,4,0 days 00:09:49.427000,4,0 days 00:09:55.847000,3,0 days 00:13:55.275000,4,0 days 00:15:46.050000,5,0 days 00:09:07.730000,4,0 days 00:38:31.259000,4,0 days 00:22:03.330000,0,0 days 00:00:00,0,0 days 00:00:00,0,0 days 00:00:00,0,0 days 00:00:00,0,0 days 00:00:00,0,0 days 00:00:00,0,0 days 00:00:00
CC71.Bin_BLeft_Full,0,0 days 00:00:00,0,0 days 00:00:00,0,0 days 00:00:00,0,0 days 00:00:00,0,0 days 00:00:00,0,0 days 00:00:00,0,0 days 00:00:00,0,0 days 00:00:00,0,0 days 00:00:00,0,0 days 00:00:00,0,0 days 00:00:00,0,0 days 00:00:00,0,0 days 00:00:00,0,0 days 00:00:00,0,0 days 00:00:00,0,0 days 00:00:00,0,0 days 00:00:00,0,0 days 00:00:00,0,0 days 00:00:00,0,0 days 00:00:00,0,0 days 00:00:00,0,0 days 00:00:00,0,0 days 00:00:00,0,0 days 00:00:00
CC71.Bin_BRight_Full,0,0 days 00:00:00,3,0 days 00:01:15.036000,2,0 days 00:01:30.267000,3,0 days 00:08:40.998000,4,0 days 00:03:20.257000,3,0 days 00:18:06.141000,2,0 days 00:06:15.554999999,1,0 days 00:21:25.257000,4,0 days 00:20:50.224000,5,0 days 00:02:45.302000,4,0 days 00:04:53.972000,1,0 days 00:04:46.843000,2,0 days 00:02:10.274000,5,0 days 00:09:33.582000,1,0 days 00:05:34.750000,4,0 days 00:22:03.620000,4,0 days 00:16:56.048000,0,0 days 00:00:00,0,0 days 00:00:00,0,0 days 00:00:00,0,0 days 00:00:00,0,0 days 00:00:00,0,0 days 00:00:00,0,0 days 00:00:00
CC72.Bin_BLeft_Full,0,0 days 00:00:00,0,0 days 00:00:00,0,0 days 00:00:00,0,0 days 00:00:00,0,0 days 00:00:00,0,0 days 00:00:00,0,0 days 00:00:00,0,0 days 00:00:00,0,0 days 00:00:00,0,0 days 00:00:00,0,0 days 00:00:00,0,0 days 00:00:00,0,0 days 00:00:00,1,0 days 00:09:09.770000,0,0 days 00:00:00,0,0 days 00:00:00,0,0 days 00:00:00,0,0 days 00:00:00,0,0 days 00:00:00,0,0 days 00:00:00,0,0 days 00:00:00,0,0 days 00:00:00,0,0 days 00:00:00,0,0 days 00:00:00
CC72.Bin_BRight_Full,0,0 days 00:00:00,0,0 days 00:00:00,0,0 days 00:00:00,0,0 days 00:00:00,0,0 days 00:00:00,0,0 days 00:00:00,0,0 days 00:00:00,0,0 days 00:00:00,0,0 days 00:00:00,0,0 days 00:00:00,0,0 days 00:00:00,0,0 days 00:00:00,0,0 days 00:00:00,0,0 days 00:00:00,0,0 days 00:00:00,0,0 days 00:00:00,0,0 days 00:00:00,0,0 days 00:00:00,0,0 days 00:00:00,0,0 days 00:00:00,0,0 days 00:00:00,0,0 days 00:00:00,0,0 days 00:00:00,0,0 days 00:00:00
CC73.Bin_BLeft_Full,0,0 days 00:00:00,0,0 days 00:00:00,0,0 days 00:00:00,0,0 days 00:00:00,0,0 days 00:00:00,0,0 days 00:00:00,0,0 days 00:00:00,0,0 days 00:00:00,0,0 days 00:00:00,0,0 days 00:00:00,0,0 days 00:00:00,0,0 days 00:00:00,0,0 days 00:00:00,0,0 days 00:00:00,0,0 days 00:00:00,0,0 days 00:00:00,0,0 days 00:00:00,0,0 days 00:00:00,0,0 days 00:00:00,0,0 days 00:00:00,0,0 days 00:00:00,0,0 days 00:00:00,0,0 days 00:00:00,0,0 days 00:00:00
CC73.Bin_BRight_Full,0,0 days 00:00:00,1,0 days 00:00:40.066000,2,0 days 00:03:10.175000,0,0 days 00:00:00,0,0 days 00:00:00,1,0 days 00:00:55.092000,0,0 days 00:00:00,1,0 days 00:00:50.029000,1,0 days 00:13:39.985000,0,0 days 00:00:00,1,0 days 00:07:20.311000,1,0 days 00:02:20.103000,1,0 days 00:04:50.266000,0,0 days 00:00:00,0,0 days 00:00:00,2,0 days 00:02:12.216000,0,0 days 00:02:57.140000,0,0 days 00:00:00,0,0 days 00:00:00,0,0 days 00:00:00,0,0 days 00:00:00,0,0 days 00:00:00,0,0 days 00:00:00,0,0 days 00:00:00
CC74.Bin_BLeft_Full,0,0 days 00:00:00,1,0 days 00:01:05.111999999,0,0 days 00:00:00,0,0 days 00:00:00,0,0 days 00:00:00,0,0 days 00:00:00,0,0 days 00:00:00,0,0 days 00:00:00,0,0 days 00:00:00,0,0 days 00:00:00,0,0 days 00:00:00,0,0 days 00:00:00,1,0 days 00:00:55.531000,1,0 days 00:02:34.764000,0,0 days 00:00:00,0,0 days 00:00:00,0,0 days 00:00:00,0,0 days 00:00:00,0,0 days 00:00:00,0,0 days 00:00:00,0,0 days 00:00:00,0,0 days 00:00:00,0,0 days 00:00:00,0,0 days 00:00:00
CC74.Bin_BRight_Full,0,0 days 00:00:00,0,0 days 00:00:00,0,0 days 00:00:00,0,0 days 00:00:00,0,0 days 00:00:00,0,0 days 00:00:00,0,0 days 00:00:00,0,0 days 00:00:00,0,0 days 00:00:00,0,0 days 00:00:00,0,0 days 00:00:00,0,0 days 00:00:00,1,0 days 00:01:15.076000,0,0 days 00:00:00,0,0 days 00:00:00,0,0 days 00:00:00,0,0 days 00:00:00,0,0 days 00:00:00,0,0 days 00:00:00,0,0 days 00:00:00,0,0 days 00:00:00,0,0 days 00:00:00,0,0 days 00:00:00,0,0 days 00:00:00
CC75.Bin_BLeft_Full,0,0 days 00:00:00,0,0 days 00:00:00,0,0 days 00:00:00,0,0 days 00:00:00,0,0 days 00:00:00,0,0 days 00:00:00,0,0 days 00:00:00,0,0 days 00:00:00,0,0 days 00:00:00,0,0 days 00:00:00,0,0 days 00:00:00,0,0 days 00:00:00,0,0 days 00:00:00,0,0 days 00:00:00,0,0 days 00:00:00,0,0 days 00:00:00,0,0 days 00:00:00,0,0 days 00:00:00,0,0 days 00:00:00,0,0 days 00:00:00,0,0 days 00:00:00,0,0 days 00:00:00,0,0 days 00:00:00,0,0 days 00:00:00
CC75.Bin_BRight_Full,1,0 days 00:00:55.208000,4,0 days 00:05:55.252000,6,0 days 00:12:09.707000,0,0 days 00:00:00,3,0 days 00:08:10.616000,4,0 days 00:17:50.815999999,2,0 days 00:07:28.520999999,3,0 days 00:23:25.354000,3,0 days 00:22:00.416000,5,0 days 00:23:50.372000,2,0 days 00:05:50.303000,4,0 days 00:07:09.674000,3,0 days 00:06:59.813000,2,0 days 00:07:18.097000,0,0 days 00:06:02.103000,2,0 days 00:21:16.478000,3,0 days 00:20:58.651000,0,0 days 00:00:00,0,0 days 00:00:00,0,0 days 00:00:00,0,0 days 00:00:00,0,0 days 00:00:00,0,0 days 00:00:00,0,0 days 00:00:00
CC76.Bin_BLeft_Full,0,0 days 00:00:00,0,0 days 00:00:00,0,0 days 00:00:00,0,0 days 00:00:00,0,0 days 00:00:00,0,0 days 00:00:00,0,0 days 00:00:00,0,0 days 00:00:00,0,0 days 00:00:00,0,0 days 00:00:00,0,0 days 00:00:00,0,0 days 00:00:00,0,0 days 00:00:00,0,0 days 00:00:00,0,0 days 00:00:00,0,0 days 00:00:00,0,0 days 00:00:00,0,0 days 00:00:00,0,0 days 00:00:00,0,0 days 00:00:00,0,0 days 00:00:00,0,0 days 00:00:00,0,0 days 00:00:00,0,0 days 00:00:00
CC76.Bin_BRight_Full,0,0 days 00:00:00,0,0 days 00:00:00,0,0 days 00:00:00,0,0 days 00:00:00,0,0 days 00:00:00,0,0 days 00:00:00,0,0 days 00:00:00,0,0 days 00:00:00,0,0 days 00:00:00,0,0 days 00:00:00,0,0 days 00:00:00,0,0 days 00:00:00,0,0 days 00:00:00,0,0 days 00:00:00,0,0 days 00:00:00,0,0 days 00:00:00,0,0 days 00:00:00,0,0 days 00:00:00,0,0 days 00:00:00,0,0 days 00:00:00,0,0 days 00:00:00,0,0 days 00:00:00,0,0 days 00:00:00,0,0 days 00:00:00
CC77.Bin_BLeft_Full,0,0 days 00:00:00,0,0 days 00:00:00,0,0 days 00:00:00,0,0 days 00:00:00,0,0 days 00:00:00,0,0 days 00:00:00,0,0 days 00:00:00,0,0 days 00:00:00,0,0 days 00:00:00,0,0 days 00:00:00,0,0 days 00:00:00,0,0 days 00:00:00,0,0 days 00:00:00,0,0 days 00:00:00,0,0 days 00:00:00,0,0 days 00:00:00,0,0 days 00:00:00,0,0 days 00:00:00,0,0 days 00:00:00,0,0 days 00:00:00,0,0 days 00:00:00,0,0 days 00:00:00,0,0 days 00:00:00,0,0 days 00:00:00
CC77.Bin_BRight_Full,0,0 days 00:00:00,0,0 days 00:00:00,0,0 days 00:00:00,0,0 days 00:00:00,0,0 days 00:00:00,0,0 days 00:00:00,0,0 days 00:00:00,0,0 days 00:00:00,0,0 days 00:00:00,0,0 days 00:00:00,0,0 days 00:00:00,0,0 days 00:00:00,0,0 days 00:00:00,0,0 days 00:00:00,0,0 days 00:00:00,0,0 days 00:00:00,0,0 days 00:00:00,0,0 days 00:00:00,0,0 days 00:00:00,0,0 days 00:00:00,0,0 days 00:00:00,0,0 days 00:00:00,0,0 days 00:00:00,0,0 days 00:00:00
